<?xml version="1.0" encoding="utf-8"?>
<DataSchemaModel FileFormatVersion="1.2" SchemaVersion="2.9" DspName="Microsoft.Data.Tools.Schema.Sql.Sql150DatabaseSchemaProvider" CollationLcid="1055" CollationCaseSensitive="False" xmlns="http://schemas.microsoft.com/sqlserver/dac/Serialization/2012/02">
	<Model>
		<Element Type="SqlDatabaseOptions" Disambiguator="1">
			<Property Name="Collation" Value="Turkish_CI_AS" />
			<Property Name="IsAnsiPaddingOn" Value="False" />
			<Property Name="IsQuotedIdentifierOn" Value="False" />
			<Property Name="IsCursorDefaultScopeGlobal" Value="True" />
			<Property Name="IsTornPageProtectionOn" Value="False" />
			<Property Name="RecoveryMode" Value="1" />
			<Property Name="IsFullTextEnabled" Value="True" />
			<Property Name="TargetRecoveryTimePeriod" Value="60" />
			<Property Name="QueryStoreCaptureMode" Value="2" />
			<Property Name="QueryStoreMaxStorageSize" Value="1000" />
			<Relationship Name="DefaultFilegroup">
				<Entry>
					<References ExternalSource="BuiltIns" Name="[PRIMARY]" />
				</Entry>
			</Relationship>
		</Element>
		<Element Type="SqlDefaultConstraint">
			<Property Name="DefaultExpressionScript">
				<Value><![CDATA[((0))]]></Value>
			</Property>
			<Relationship Name="DefiningTable">
				<Entry>
					<References Name="[dbo].[SEAT_RESERVATION]" />
				</Entry>
			</Relationship>
			<Relationship Name="ForColumn">
				<Entry>
					<References Name="[dbo].[SEAT_RESERVATION].[check_in]" />
				</Entry>
			</Relationship>
			<Annotation Type="SqlInlineConstraintAnnotation" Name="[dbo].[DF__SEAT_RESE__check__2645B050]" Disambiguator="5" />
		</Element>
		<Element Type="SqlPrimaryKeyConstraint">
			<Relationship Name="ColumnSpecifications">
				<Entry>
					<Element Type="SqlIndexedColumnSpecification">
						<Relationship Name="Column">
							<Entry>
								<References Name="[dbo].[SEAT_RESERVATION].[Flight_number]" />
							</Entry>
						</Relationship>
					</Element>
				</Entry>
				<Entry>
					<Element Type="SqlIndexedColumnSpecification">
						<Relationship Name="Column">
							<Entry>
								<References Name="[dbo].[SEAT_RESERVATION].[Leg_number]" />
							</Entry>
						</Relationship>
					</Element>
				</Entry>
				<Entry>
					<Element Type="SqlIndexedColumnSpecification">
						<Relationship Name="Column">
							<Entry>
								<References Name="[dbo].[SEAT_RESERVATION].[Datee]" />
							</Entry>
						</Relationship>
					</Element>
				</Entry>
				<Entry>
					<Element Type="SqlIndexedColumnSpecification">
						<Relationship Name="Column">
							<Entry>
								<References Name="[dbo].[SEAT_RESERVATION].[Seat_number]" />
							</Entry>
						</Relationship>
					</Element>
				</Entry>
			</Relationship>
			<Relationship Name="DefiningTable">
				<Entry>
					<References Name="[dbo].[SEAT_RESERVATION]" />
				</Entry>
			</Relationship>
			<Annotation Type="SqlInlineConstraintAnnotation" Name="[dbo].[PK__SEAT_RES__C29B5DC60C741451]" Disambiguator="6" />
		</Element>
		<Element Type="SqlPrimaryKeyConstraint">
			<Relationship Name="ColumnSpecifications">
				<Entry>
					<Element Type="SqlIndexedColumnSpecification">
						<Relationship Name="Column">
							<Entry>
								<References Name="[dbo].[AIRPORT].[Airport_code]" />
							</Entry>
						</Relationship>
					</Element>
				</Entry>
			</Relationship>
			<Relationship Name="DefiningTable">
				<Entry>
					<References Name="[dbo].[AIRPORT]" />
				</Entry>
			</Relationship>
			<Annotation Type="SqlInlineConstraintAnnotation" Name="[dbo].[PK__AIRPORT__DEA35EC3B02BBD9A]" Disambiguator="7" />
		</Element>
		<Element Type="SqlPrimaryKeyConstraint">
			<Relationship Name="ColumnSpecifications">
				<Entry>
					<Element Type="SqlIndexedColumnSpecification">
						<Relationship Name="Column">
							<Entry>
								<References Name="[dbo].[FLIGHT].[Flight_number]" />
							</Entry>
						</Relationship>
					</Element>
				</Entry>
			</Relationship>
			<Relationship Name="DefiningTable">
				<Entry>
					<References Name="[dbo].[FLIGHT]" />
				</Entry>
			</Relationship>
			<Annotation Type="SqlInlineConstraintAnnotation" Name="[dbo].[PK__FLIGHT__5DD08D787C2AC1B0]" Disambiguator="8" />
		</Element>
		<Element Type="SqlPrimaryKeyConstraint">
			<Relationship Name="ColumnSpecifications">
				<Entry>
					<Element Type="SqlIndexedColumnSpecification">
						<Relationship Name="Column">
							<Entry>
								<References Name="[dbo].[FLIGHT_LEG].[Flight_number]" />
							</Entry>
						</Relationship>
					</Element>
				</Entry>
				<Entry>
					<Element Type="SqlIndexedColumnSpecification">
						<Relationship Name="Column">
							<Entry>
								<References Name="[dbo].[FLIGHT_LEG].[Leg_number]" />
							</Entry>
						</Relationship>
					</Element>
				</Entry>
			</Relationship>
			<Relationship Name="DefiningTable">
				<Entry>
					<References Name="[dbo].[FLIGHT_LEG]" />
				</Entry>
			</Relationship>
			<Annotation Type="SqlInlineConstraintAnnotation" Name="[dbo].[PK__FLIGHT_L__CFDA58BB866A7247]" Disambiguator="9" />
		</Element>
		<Element Type="SqlPrimaryKeyConstraint">
			<Relationship Name="ColumnSpecifications">
				<Entry>
					<Element Type="SqlIndexedColumnSpecification">
						<Relationship Name="Column">
							<Entry>
								<References Name="[dbo].[LEG_INSTANCE].[Flight_number]" />
							</Entry>
						</Relationship>
					</Element>
				</Entry>
				<Entry>
					<Element Type="SqlIndexedColumnSpecification">
						<Relationship Name="Column">
							<Entry>
								<References Name="[dbo].[LEG_INSTANCE].[Leg_number]" />
							</Entry>
						</Relationship>
					</Element>
				</Entry>
				<Entry>
					<Element Type="SqlIndexedColumnSpecification">
						<Relationship Name="Column">
							<Entry>
								<References Name="[dbo].[LEG_INSTANCE].[Datee]" />
							</Entry>
						</Relationship>
					</Element>
				</Entry>
			</Relationship>
			<Relationship Name="DefiningTable">
				<Entry>
					<References Name="[dbo].[LEG_INSTANCE]" />
				</Entry>
			</Relationship>
			<Annotation Type="SqlInlineConstraintAnnotation" Name="[dbo].[PK__LEG_INST__4E65A53E616C3D46]" Disambiguator="10" />
		</Element>
		<Element Type="SqlPrimaryKeyConstraint">
			<Relationship Name="ColumnSpecifications">
				<Entry>
					<Element Type="SqlIndexedColumnSpecification">
						<Relationship Name="Column">
							<Entry>
								<References Name="[dbo].[FARE].[Flight_number]" />
							</Entry>
						</Relationship>
					</Element>
				</Entry>
				<Entry>
					<Element Type="SqlIndexedColumnSpecification">
						<Relationship Name="Column">
							<Entry>
								<References Name="[dbo].[FARE].[Fare_code]" />
							</Entry>
						</Relationship>
					</Element>
				</Entry>
			</Relationship>
			<Relationship Name="DefiningTable">
				<Entry>
					<References Name="[dbo].[FARE]" />
				</Entry>
			</Relationship>
			<Annotation Type="SqlInlineConstraintAnnotation" Name="[dbo].[PK__FARE__61468019E2B45EB9]" Disambiguator="11" />
		</Element>
		<Element Type="SqlPrimaryKeyConstraint">
			<Relationship Name="ColumnSpecifications">
				<Entry>
					<Element Type="SqlIndexedColumnSpecification">
						<Relationship Name="Column">
							<Entry>
								<References Name="[dbo].[CAN_LAND].[Airplane_type_name]" />
							</Entry>
						</Relationship>
					</Element>
				</Entry>
				<Entry>
					<Element Type="SqlIndexedColumnSpecification">
						<Relationship Name="Column">
							<Entry>
								<References Name="[dbo].[CAN_LAND].[Airport_code]" />
							</Entry>
						</Relationship>
					</Element>
				</Entry>
			</Relationship>
			<Relationship Name="DefiningTable">
				<Entry>
					<References Name="[dbo].[CAN_LAND]" />
				</Entry>
			</Relationship>
			<Annotation Type="SqlInlineConstraintAnnotation" Name="[dbo].[PK__CAN_LAND__BBBCF81F4FA03751]" Disambiguator="12" />
		</Element>
		<Element Type="SqlPrimaryKeyConstraint">
			<Relationship Name="ColumnSpecifications">
				<Entry>
					<Element Type="SqlIndexedColumnSpecification">
						<Relationship Name="Column">
							<Entry>
								<References Name="[dbo].[AIRPLANE].[Airplane_id]" />
							</Entry>
						</Relationship>
					</Element>
				</Entry>
			</Relationship>
			<Relationship Name="DefiningTable">
				<Entry>
					<References Name="[dbo].[AIRPLANE]" />
				</Entry>
			</Relationship>
			<Annotation Type="SqlInlineConstraintAnnotation" Name="[dbo].[PK__AIRPLANE__E41B7BA309D998CB]" Disambiguator="13" />
		</Element>
		<Element Type="SqlPrimaryKeyConstraint">
			<Relationship Name="ColumnSpecifications">
				<Entry>
					<Element Type="SqlIndexedColumnSpecification">
						<Relationship Name="Column">
							<Entry>
								<References Name="[dbo].[FFC].[Passport_no]" />
							</Entry>
						</Relationship>
					</Element>
				</Entry>
			</Relationship>
			<Relationship Name="DefiningTable">
				<Entry>
					<References Name="[dbo].[FFC]" />
				</Entry>
			</Relationship>
			<Annotation Type="SqlInlineConstraintAnnotation" Name="[dbo].[PK__FFC__A6C3514A7178AA8E]" Disambiguator="14" />
		</Element>
		<Element Type="SqlPrimaryKeyConstraint">
			<Relationship Name="ColumnSpecifications">
				<Entry>
					<Element Type="SqlIndexedColumnSpecification">
						<Relationship Name="Column">
							<Entry>
								<References Name="[dbo].[AIRLINE].[Airline_id]" />
							</Entry>
						</Relationship>
					</Element>
				</Entry>
			</Relationship>
			<Relationship Name="DefiningTable">
				<Entry>
					<References Name="[dbo].[AIRLINE]" />
				</Entry>
			</Relationship>
			<Annotation Type="SqlInlineConstraintAnnotation" Name="[dbo].[PK__AIRLINE__26BF561E2A39077A]" Disambiguator="15" />
		</Element>
		<Element Type="SqlPrimaryKeyConstraint">
			<Relationship Name="ColumnSpecifications">
				<Entry>
					<Element Type="SqlIndexedColumnSpecification">
						<Relationship Name="Column">
							<Entry>
								<References Name="[dbo].[COMPANY].[Company_name]" />
							</Entry>
						</Relationship>
					</Element>
				</Entry>
			</Relationship>
			<Relationship Name="DefiningTable">
				<Entry>
					<References Name="[dbo].[COMPANY]" />
				</Entry>
			</Relationship>
			<Annotation Type="SqlInlineConstraintAnnotation" Name="[dbo].[PK__COMPANY__4ACAA2967B0AF252]" Disambiguator="16" />
		</Element>
		<Element Type="SqlPrimaryKeyConstraint">
			<Relationship Name="ColumnSpecifications">
				<Entry>
					<Element Type="SqlIndexedColumnSpecification">
						<Relationship Name="Column">
							<Entry>
								<References Name="[dbo].[CUSTOMER].[Passport_no]" />
							</Entry>
						</Relationship>
					</Element>
				</Entry>
			</Relationship>
			<Relationship Name="DefiningTable">
				<Entry>
					<References Name="[dbo].[CUSTOMER]" />
				</Entry>
			</Relationship>
			<Annotation Type="SqlInlineConstraintAnnotation" Name="[dbo].[PK__CUSTOMER__A6C3514AFEF7C6AB]" Disambiguator="17" />
		</Element>
		<Element Type="SqlTable" Name="[dbo].[AIRLINE]">
			<Property Name="IsAnsiNullsOn" Value="True" />
			<Relationship Name="Columns">
				<Entry>
					<Element Type="SqlSimpleColumn" Name="[dbo].[AIRLINE].[Airline_id]">
						<Property Name="IsNullable" Value="False" />
						<Relationship Name="TypeSpecifier">
							<Entry>
								<Element Type="SqlTypeSpecifier">
									<Property Name="Length" Value="2" />
									<Relationship Name="Type">
										<Entry>
											<References ExternalSource="BuiltIns" Name="[varchar]" />
										</Entry>
									</Relationship>
								</Element>
							</Entry>
						</Relationship>
					</Element>
				</Entry>
				<Entry>
					<Element Type="SqlSimpleColumn" Name="[dbo].[AIRLINE].[Name_airline]">
						<Property Name="IsNullable" Value="False" />
						<Relationship Name="TypeSpecifier">
							<Entry>
								<Element Type="SqlTypeSpecifier">
									<Property Name="Length" Value="50" />
									<Relationship Name="Type">
										<Entry>
											<References ExternalSource="BuiltIns" Name="[varchar]" />
										</Entry>
									</Relationship>
								</Element>
							</Entry>
						</Relationship>
					</Element>
				</Entry>
			</Relationship>
			<Relationship Name="Schema">
				<Entry>
					<References ExternalSource="BuiltIns" Name="[dbo]" />
				</Entry>
			</Relationship>
			<AttachedAnnotation Disambiguator="15" />
		</Element>
		<Element Type="SqlTable" Name="[dbo].[AIRPLANE]">
			<Property Name="IsAnsiNullsOn" Value="True" />
			<Relationship Name="Columns">
				<Entry>
					<Element Type="SqlSimpleColumn" Name="[dbo].[AIRPLANE].[Airplane_id]">
						<Property Name="IsNullable" Value="False" />
						<Relationship Name="TypeSpecifier">
							<Entry>
								<Element Type="SqlTypeSpecifier">
									<Property Name="Length" Value="7" />
									<Relationship Name="Type">
										<Entry>
											<References ExternalSource="BuiltIns" Name="[varchar]" />
										</Entry>
									</Relationship>
								</Element>
							</Entry>
						</Relationship>
					</Element>
				</Entry>
				<Entry>
					<Element Type="SqlSimpleColumn" Name="[dbo].[AIRPLANE].[Total_number_of_seats]">
						<Property Name="IsNullable" Value="False" />
						<Relationship Name="TypeSpecifier">
							<Entry>
								<Element Type="SqlTypeSpecifier">
									<Relationship Name="Type">
										<Entry>
											<References ExternalSource="BuiltIns" Name="[bigint]" />
										</Entry>
									</Relationship>
								</Element>
							</Entry>
						</Relationship>
					</Element>
				</Entry>
				<Entry>
					<Element Type="SqlSimpleColumn" Name="[dbo].[AIRPLANE].[Airplane_type]">
						<Property Name="IsNullable" Value="False" />
						<Relationship Name="TypeSpecifier">
							<Entry>
								<Element Type="SqlTypeSpecifier">
									<Property Name="Length" Value="30" />
									<Relationship Name="Type">
										<Entry>
											<References ExternalSource="BuiltIns" Name="[varchar]" />
										</Entry>
									</Relationship>
								</Element>
							</Entry>
						</Relationship>
					</Element>
				</Entry>
			</Relationship>
			<Relationship Name="Schema">
				<Entry>
					<References ExternalSource="BuiltIns" Name="[dbo]" />
				</Entry>
			</Relationship>
			<AttachedAnnotation Disambiguator="13" />
		</Element>
		<Element Type="SqlTable" Name="[dbo].[AIRPLANE_MANUFACTURER]">
			<Property Name="IsAnsiNullsOn" Value="True" />
			<Relationship Name="Columns">
				<Entry>
					<Element Type="SqlSimpleColumn" Name="[dbo].[AIRPLANE_MANUFACTURER].[Company_name]">
						<Property Name="IsNullable" Value="False" />
						<Relationship Name="TypeSpecifier">
							<Entry>
								<Element Type="SqlTypeSpecifier">
									<Property Name="Length" Value="50" />
									<Relationship Name="Type">
										<Entry>
											<References ExternalSource="BuiltIns" Name="[varchar]" />
										</Entry>
									</Relationship>
								</Element>
							</Entry>
						</Relationship>
					</Element>
				</Entry>
			</Relationship>
			<Relationship Name="Schema">
				<Entry>
					<References ExternalSource="BuiltIns" Name="[dbo]" />
				</Entry>
			</Relationship>
		</Element>
		<Element Type="SqlTable" Name="[dbo].[AIRPLANE_TYPE]">
			<Property Name="IsAnsiNullsOn" Value="True" />
			<Relationship Name="Columns">
				<Entry>
					<Element Type="SqlSimpleColumn" Name="[dbo].[AIRPLANE_TYPE].[Airplane_type_name]">
						<Property Name="IsNullable" Value="False" />
						<Relationship Name="TypeSpecifier">
							<Entry>
								<Element Type="SqlTypeSpecifier">
									<Property Name="Length" Value="30" />
									<Relationship Name="Type">
										<Entry>
											<References ExternalSource="BuiltIns" Name="[varchar]" />
										</Entry>
									</Relationship>
								</Element>
							</Entry>
						</Relationship>
					</Element>
				</Entry>
				<Entry>
					<Element Type="SqlSimpleColumn" Name="[dbo].[AIRPLANE_TYPE].[Max_seats]">
						<Property Name="IsNullable" Value="False" />
						<Relationship Name="TypeSpecifier">
							<Entry>
								<Element Type="SqlTypeSpecifier">
									<Relationship Name="Type">
										<Entry>
											<References ExternalSource="BuiltIns" Name="[smallint]" />
										</Entry>
									</Relationship>
								</Element>
							</Entry>
						</Relationship>
					</Element>
				</Entry>
				<Entry>
					<Element Type="SqlSimpleColumn" Name="[dbo].[AIRPLANE_TYPE].[Company_name]">
						<Relationship Name="TypeSpecifier">
							<Entry>
								<Element Type="SqlTypeSpecifier">
									<Property Name="Length" Value="50" />
									<Relationship Name="Type">
										<Entry>
											<References ExternalSource="BuiltIns" Name="[varchar]" />
										</Entry>
									</Relationship>
								</Element>
							</Entry>
						</Relationship>
					</Element>
				</Entry>
			</Relationship>
			<Relationship Name="Schema">
				<Entry>
					<References ExternalSource="BuiltIns" Name="[dbo]" />
				</Entry>
			</Relationship>
		</Element>
		<Element Type="SqlTable" Name="[dbo].[AIRPORT]">
			<Property Name="IsAnsiNullsOn" Value="True" />
			<Relationship Name="Columns">
				<Entry>
					<Element Type="SqlSimpleColumn" Name="[dbo].[AIRPORT].[Airport_code]">
						<Property Name="IsNullable" Value="False" />
						<Relationship Name="TypeSpecifier">
							<Entry>
								<Element Type="SqlTypeSpecifier">
									<Property Name="Length" Value="4" />
									<Relationship Name="Type">
										<Entry>
											<References ExternalSource="BuiltIns" Name="[varchar]" />
										</Entry>
									</Relationship>
								</Element>
							</Entry>
						</Relationship>
					</Element>
				</Entry>
				<Entry>
					<Element Type="SqlSimpleColumn" Name="[dbo].[AIRPORT].[Airport_name]">
						<Property Name="IsNullable" Value="False" />
						<Relationship Name="TypeSpecifier">
							<Entry>
								<Element Type="SqlTypeSpecifier">
									<Property Name="Length" Value="72" />
									<Relationship Name="Type">
										<Entry>
											<References ExternalSource="BuiltIns" Name="[varchar]" />
										</Entry>
									</Relationship>
								</Element>
							</Entry>
						</Relationship>
					</Element>
				</Entry>
				<Entry>
					<Element Type="SqlSimpleColumn" Name="[dbo].[AIRPORT].[City]">
						<Property Name="IsNullable" Value="False" />
						<Relationship Name="TypeSpecifier">
							<Entry>
								<Element Type="SqlTypeSpecifier">
									<Property Name="Length" Value="85" />
									<Relationship Name="Type">
										<Entry>
											<References ExternalSource="BuiltIns" Name="[varchar]" />
										</Entry>
									</Relationship>
								</Element>
							</Entry>
						</Relationship>
					</Element>
				</Entry>
				<Entry>
					<Element Type="SqlSimpleColumn" Name="[dbo].[AIRPORT].[State]">
						<Relationship Name="TypeSpecifier">
							<Entry>
								<Element Type="SqlTypeSpecifier">
									<Property Name="Length" Value="12" />
									<Relationship Name="Type">
										<Entry>
											<References ExternalSource="BuiltIns" Name="[varchar]" />
										</Entry>
									</Relationship>
								</Element>
							</Entry>
						</Relationship>
					</Element>
				</Entry>
			</Relationship>
			<Relationship Name="Schema">
				<Entry>
					<References ExternalSource="BuiltIns" Name="[dbo]" />
				</Entry>
			</Relationship>
			<AttachedAnnotation Disambiguator="7" />
		</Element>
		<Element Type="SqlDmlTrigger" Name="[dbo].[AVALIABLE_SEAT_AZALTMA_2]">
			<Property Name="IsInsertTrigger" Value="True" />
			<Property Name="SqlTriggerType" Value="1" />
			<Property Name="BodyScript">
				<Value QuotedIdentifiers="True" AnsiNulls="True"><![CDATA[
BEGIN
 DECLARE @Flight_number varchar(6),@Leg_no varchar(6),@addedDate datetime
 SELECT @Flight_number=Flight_number,@Leg_no=Leg_number,@addedDate=Datee from inserted


 UPDATE LEG_INSTANCE 
 SET Number_of_available_seats=Number_of_available_seats-1
 WHERE Flight_number=@Flight_number AND Leg_number=@Leg_no AND Datee=@addedDate
END]]></Value>
			</Property>
			<Property Name="IsAnsiNullsOn" Value="True" />
			<Relationship Name="BodyDependencies">
				<Entry>
					<References ExternalSource="BuiltIns" Name="[varchar]" />
				</Entry>
				<Entry>
					<References ExternalSource="BuiltIns" Name="[varchar]" />
				</Entry>
				<Entry>
					<References ExternalSource="BuiltIns" Name="[datetime]" />
				</Entry>
				<Entry>
					<References Name="[dbo].[SEAT_RESERVATION].[Flight_number]" />
				</Entry>
				<Entry>
					<References Name="[dbo].[SEAT_RESERVATION].[Leg_number]" />
				</Entry>
				<Entry>
					<References Name="[dbo].[SEAT_RESERVATION].[Datee]" />
				</Entry>
				<Entry>
					<References Name="[dbo].[LEG_INSTANCE]" />
				</Entry>
				<Entry>
					<References Name="[dbo].[LEG_INSTANCE].[Number_of_available_seats]" />
				</Entry>
				<Entry>
					<References Name="[dbo].[LEG_INSTANCE].[Flight_number]" />
				</Entry>
				<Entry>
					<References Name="[dbo].[LEG_INSTANCE].[Leg_number]" />
				</Entry>
				<Entry>
					<References Name="[dbo].[LEG_INSTANCE].[Datee]" />
				</Entry>
			</Relationship>
			<Relationship Name="Parent">
				<Entry>
					<References Name="[dbo].[SEAT_RESERVATION]" />
				</Entry>
			</Relationship>
			<Annotation Type="SysCommentsObjectAnnotation">
				<Property Name="CreateOffset" Value="2" />
				<Property Name="Length" Value="423" />
				<Property Name="StartLine" Value="1" />
				<Property Name="StartColumn" Value="1" />
				<Property Name="HeaderContents" Value="&#xD;&#xA;CREATE TRIGGER AVALIABLE_SEAT_AZALTMA_2&#xD;&#xA;ON SEAT_RESERVATION&#xD;&#xA;FOR INSERT&#xD;&#xA;&#xD;&#xA;AS" />
			</Annotation>
		</Element>
		<Element Type="SqlTable" Name="[dbo].[CAN_LAND]">
			<Property Name="IsAnsiNullsOn" Value="True" />
			<Relationship Name="Columns">
				<Entry>
					<Element Type="SqlSimpleColumn" Name="[dbo].[CAN_LAND].[Airplane_type_name]">
						<Property Name="IsNullable" Value="False" />
						<Relationship Name="TypeSpecifier">
							<Entry>
								<Element Type="SqlTypeSpecifier">
									<Property Name="Length" Value="30" />
									<Relationship Name="Type">
										<Entry>
											<References ExternalSource="BuiltIns" Name="[varchar]" />
										</Entry>
									</Relationship>
								</Element>
							</Entry>
						</Relationship>
					</Element>
				</Entry>
				<Entry>
					<Element Type="SqlSimpleColumn" Name="[dbo].[CAN_LAND].[Airport_code]">
						<Property Name="IsNullable" Value="False" />
						<Relationship Name="TypeSpecifier">
							<Entry>
								<Element Type="SqlTypeSpecifier">
									<Property Name="Length" Value="4" />
									<Relationship Name="Type">
										<Entry>
											<References ExternalSource="BuiltIns" Name="[varchar]" />
										</Entry>
									</Relationship>
								</Element>
							</Entry>
						</Relationship>
					</Element>
				</Entry>
			</Relationship>
			<Relationship Name="Schema">
				<Entry>
					<References ExternalSource="BuiltIns" Name="[dbo]" />
				</Entry>
			</Relationship>
			<AttachedAnnotation Disambiguator="12" />
		</Element>
		<Element Type="SqlDmlTrigger" Name="[dbo].[CAN_LAND_LEG_INSTANCE]">
			<Property Name="IsInsertTrigger" Value="True" />
			<Property Name="SqlTriggerType" Value="1" />
			<Property Name="BodyScript">
				<Value QuotedIdentifiers="True" AnsiNulls="True"><![CDATA[
IF(NOT EXISTS(SELECT * FROM inserted,AIRPLANE,CAN_LAND WHERE inserted.Airplane_id=AIRPLANE.Airplane_id AND AIRPLANE.Airplane_type=CAN_LAND.Airplane_type_name AND inserted.Arrival_airport_code=CAN_LAND.Airport_code))
BEGIN
  RAISERROR('BU UCAK TIPI BU HAVAALANINA INIS YAPAMAZ....',1,1)
  ROLLBACK transaction

END]]></Value>
			</Property>
			<Property Name="IsAnsiNullsOn" Value="True" />
			<Relationship Name="BodyDependencies">
				<Entry>
					<References Name="[dbo].[AIRPLANE]" />
				</Entry>
				<Entry>
					<References Name="[dbo].[CAN_LAND]" />
				</Entry>
				<Entry>
					<References Name="[dbo].[LEG_INSTANCE].[Airplane_id]" />
				</Entry>
				<Entry>
					<References Name="[dbo].[AIRPLANE].[Airplane_id]" />
				</Entry>
				<Entry>
					<References Name="[dbo].[AIRPLANE].[Airplane_type]" />
				</Entry>
				<Entry>
					<References Name="[dbo].[CAN_LAND].[Airplane_type_name]" />
				</Entry>
				<Entry>
					<References Name="[dbo].[LEG_INSTANCE].[Arrival_airport_code]" />
				</Entry>
				<Entry>
					<References Name="[dbo].[CAN_LAND].[Airport_code]" />
				</Entry>
			</Relationship>
			<Relationship Name="Parent">
				<Entry>
					<References Name="[dbo].[LEG_INSTANCE]" />
				</Entry>
			</Relationship>
			<Annotation Type="SysCommentsObjectAnnotation">
				<Property Name="Length" Value="389" />
				<Property Name="StartLine" Value="1" />
				<Property Name="StartColumn" Value="1" />
				<Property Name="HeaderContents" Value="CREATE TRIGGER CAN_LAND_LEG_INSTANCE&#xD;&#xA;ON LEG_INSTANCE&#xD;&#xA;FOR INSERT&#xD;&#xA;AS" />
			</Annotation>
		</Element>
		<Element Type="SqlCheckConstraint" Name="[dbo].[CHK_AIRPLANE_AIRPLANEID]">
			<Property Name="CheckExpressionScript">
				<Value><![CDATA[[Airplane_id] like '[A-Z][A-Z]-[A-Z][A-Z][A-Z]']]></Value>
			</Property>
			<Relationship Name="CheckExpressionDependencies">
				<Entry>
					<References Name="[dbo].[AIRPLANE].[Airplane_id]" />
				</Entry>
			</Relationship>
			<Relationship Name="DefiningTable">
				<Entry>
					<References Name="[dbo].[AIRPLANE]" />
				</Entry>
			</Relationship>
		</Element>
		<Element Type="SqlCheckConstraint" Name="[dbo].[CHK_CUSTOMER_AGE]">
			<Property Name="CheckExpressionScript">
				<Value><![CDATA[[Age]>(0) AND [Age]<=(120)]]></Value>
			</Property>
			<Relationship Name="CheckExpressionDependencies">
				<Entry>
					<References Name="[dbo].[CUSTOMER].[Age]" />
				</Entry>
			</Relationship>
			<Relationship Name="DefiningTable">
				<Entry>
					<References Name="[dbo].[CUSTOMER]" />
				</Entry>
			</Relationship>
		</Element>
		<Element Type="SqlCheckConstraint" Name="[dbo].[CHK_CUSTOMER_PHONE]">
			<Property Name="CheckExpressionScript">
				<Value><![CDATA[[Cphone] like '[0-9][0-9][0-9][0-9][0-9][0-9][0-9][0-9][0-9][0-9][0-9][0-9][0-9]' AND len([Cphone])=(13)]]></Value>
			</Property>
			<Relationship Name="CheckExpressionDependencies">
				<Entry>
					<References Name="[dbo].[CUSTOMER].[Cphone]" />
				</Entry>
			</Relationship>
			<Relationship Name="DefiningTable">
				<Entry>
					<References Name="[dbo].[CUSTOMER]" />
				</Entry>
			</Relationship>
		</Element>
		<Element Type="SqlCheckConstraint" Name="[dbo].[CHK_FARE_AMOUNT]">
			<Property Name="CheckExpressionScript">
				<Value><![CDATA[[Amount]>(0)]]></Value>
			</Property>
			<Relationship Name="CheckExpressionDependencies">
				<Entry>
					<References Name="[dbo].[FARE].[Amount]" />
				</Entry>
			</Relationship>
			<Relationship Name="DefiningTable">
				<Entry>
					<References Name="[dbo].[FARE]" />
				</Entry>
			</Relationship>
		</Element>
		<Element Type="SqlCheckConstraint" Name="[dbo].[CHK_FLIGHT_FLIGHTNUMBER]">
			<Property Name="CheckExpressionScript">
				<Value><![CDATA[[Flight_number] like '[A-Z][A-Z]-[0-9][0-9][0-9]']]></Value>
			</Property>
			<Relationship Name="CheckExpressionDependencies">
				<Entry>
					<References Name="[dbo].[FLIGHT].[Flight_number]" />
				</Entry>
			</Relationship>
			<Relationship Name="DefiningTable">
				<Entry>
					<References Name="[dbo].[FLIGHT]" />
				</Entry>
			</Relationship>
		</Element>
		<Element Type="SqlCheckConstraint" Name="[dbo].[CHK_FLIGHT_WEEKDAYS]">
			<Property Name="CheckExpressionScript">
				<Value><![CDATA[[Weekdays]='Monday' OR [Weekdays]='Tuesday' OR [Weekdays]='Wednesday' OR [Weekdays]='Thursday' OR [Weekdays]='Friday' OR [Weekdays]='Saturday' OR [Weekdays]='Sunday']]></Value>
			</Property>
			<Relationship Name="CheckExpressionDependencies">
				<Entry>
					<References Name="[dbo].[FLIGHT].[Weekdays]" />
				</Entry>
			</Relationship>
			<Relationship Name="DefiningTable">
				<Entry>
					<References Name="[dbo].[FLIGHT]" />
				</Entry>
			</Relationship>
		</Element>
		<Element Type="SqlCheckConstraint" Name="[dbo].[CHK_LEGINSTANCE_MILE]">
			<Property Name="CheckExpressionScript">
				<Value><![CDATA[[Mile]>(0)]]></Value>
			</Property>
			<Relationship Name="CheckExpressionDependencies">
				<Entry>
					<References Name="[dbo].[LEG_INSTANCE].[Mile]" />
				</Entry>
			</Relationship>
			<Relationship Name="DefiningTable">
				<Entry>
					<References Name="[dbo].[LEG_INSTANCE]" />
				</Entry>
			</Relationship>
		</Element>
		<Element Type="SqlCheckConstraint" Name="[dbo].[CHK_LEGINSTANCE_TIMES]">
			<Property Name="CheckExpressionScript">
				<Value><![CDATA[[Arrival_time]>[Departure_time]]]></Value>
			</Property>
			<Relationship Name="CheckExpressionDependencies">
				<Entry>
					<References Name="[dbo].[LEG_INSTANCE].[Arrival_time]" />
				</Entry>
				<Entry>
					<References Name="[dbo].[LEG_INSTANCE].[Departure_time]" />
				</Entry>
			</Relationship>
			<Relationship Name="DefiningTable">
				<Entry>
					<References Name="[dbo].[LEG_INSTANCE]" />
				</Entry>
			</Relationship>
		</Element>
		<Element Type="SqlTable" Name="[dbo].[COMPANY]">
			<Property Name="IsAnsiNullsOn" Value="True" />
			<Relationship Name="Columns">
				<Entry>
					<Element Type="SqlSimpleColumn" Name="[dbo].[COMPANY].[Company_name]">
						<Property Name="IsNullable" Value="False" />
						<Relationship Name="TypeSpecifier">
							<Entry>
								<Element Type="SqlTypeSpecifier">
									<Property Name="Length" Value="50" />
									<Relationship Name="Type">
										<Entry>
											<References ExternalSource="BuiltIns" Name="[varchar]" />
										</Entry>
									</Relationship>
								</Element>
							</Entry>
						</Relationship>
					</Element>
				</Entry>
			</Relationship>
			<Relationship Name="Schema">
				<Entry>
					<References ExternalSource="BuiltIns" Name="[dbo]" />
				</Entry>
			</Relationship>
			<AttachedAnnotation Disambiguator="16" />
		</Element>
		<Element Type="SqlTable" Name="[dbo].[CUSTOMER]">
			<Property Name="IsAnsiNullsOn" Value="True" />
			<Relationship Name="Columns">
				<Entry>
					<Element Type="SqlSimpleColumn" Name="[dbo].[CUSTOMER].[Passport_no]">
						<Property Name="IsNullable" Value="False" />
						<Relationship Name="TypeSpecifier">
							<Entry>
								<Element Type="SqlTypeSpecifier">
									<Property Name="Length" Value="9" />
									<Relationship Name="Type">
										<Entry>
											<References ExternalSource="BuiltIns" Name="[varchar]" />
										</Entry>
									</Relationship>
								</Element>
							</Entry>
						</Relationship>
					</Element>
				</Entry>
				<Entry>
					<Element Type="SqlSimpleColumn" Name="[dbo].[CUSTOMER].[Country]">
						<Property Name="IsNullable" Value="False" />
						<Relationship Name="TypeSpecifier">
							<Entry>
								<Element Type="SqlTypeSpecifier">
									<Property Name="Length" Value="56" />
									<Relationship Name="Type">
										<Entry>
											<References ExternalSource="BuiltIns" Name="[varchar]" />
										</Entry>
									</Relationship>
								</Element>
							</Entry>
						</Relationship>
					</Element>
				</Entry>
				<Entry>
					<Element Type="SqlSimpleColumn" Name="[dbo].[CUSTOMER].[Customer_name]">
						<Relationship Name="TypeSpecifier">
							<Entry>
								<Element Type="SqlTypeSpecifier">
									<Property Name="Length" Value="100" />
									<Relationship Name="Type">
										<Entry>
											<References ExternalSource="BuiltIns" Name="[varchar]" />
										</Entry>
									</Relationship>
								</Element>
							</Entry>
						</Relationship>
					</Element>
				</Entry>
				<Entry>
					<Element Type="SqlSimpleColumn" Name="[dbo].[CUSTOMER].[Adress]">
						<Property Name="IsNullable" Value="False" />
						<Relationship Name="TypeSpecifier">
							<Entry>
								<Element Type="SqlTypeSpecifier">
									<Relationship Name="Type">
										<Entry>
											<References ExternalSource="BuiltIns" Name="[text]" />
										</Entry>
									</Relationship>
								</Element>
							</Entry>
						</Relationship>
					</Element>
				</Entry>
				<Entry>
					<Element Type="SqlSimpleColumn" Name="[dbo].[CUSTOMER].[Email]">
						<Relationship Name="TypeSpecifier">
							<Entry>
								<Element Type="SqlTypeSpecifier">
									<Property Name="Length" Value="255" />
									<Relationship Name="Type">
										<Entry>
											<References ExternalSource="BuiltIns" Name="[varchar]" />
										</Entry>
									</Relationship>
								</Element>
							</Entry>
						</Relationship>
					</Element>
				</Entry>
				<Entry>
					<Element Type="SqlSimpleColumn" Name="[dbo].[CUSTOMER].[Cphone]">
						<Property Name="IsNullable" Value="False" />
						<Relationship Name="TypeSpecifier">
							<Entry>
								<Element Type="SqlTypeSpecifier">
									<Property Name="Length" Value="13" />
									<Relationship Name="Type">
										<Entry>
											<References ExternalSource="BuiltIns" Name="[varchar]" />
										</Entry>
									</Relationship>
								</Element>
							</Entry>
						</Relationship>
					</Element>
				</Entry>
				<Entry>
					<Element Type="SqlSimpleColumn" Name="[dbo].[CUSTOMER].[Age]">
						<Property Name="IsNullable" Value="False" />
						<Relationship Name="TypeSpecifier">
							<Entry>
								<Element Type="SqlTypeSpecifier">
									<Relationship Name="Type">
										<Entry>
											<References ExternalSource="BuiltIns" Name="[smallint]" />
										</Entry>
									</Relationship>
								</Element>
							</Entry>
						</Relationship>
					</Element>
				</Entry>
			</Relationship>
			<Relationship Name="Schema">
				<Entry>
					<References ExternalSource="BuiltIns" Name="[dbo]" />
				</Entry>
			</Relationship>
			<AttachedAnnotation Disambiguator="17" />
		</Element>
		<Element Type="SqlTable" Name="[dbo].[FARE]">
			<Property Name="IsAnsiNullsOn" Value="True" />
			<Relationship Name="Columns">
				<Entry>
					<Element Type="SqlSimpleColumn" Name="[dbo].[FARE].[Flight_number]">
						<Property Name="IsNullable" Value="False" />
						<Relationship Name="TypeSpecifier">
							<Entry>
								<Element Type="SqlTypeSpecifier">
									<Property Name="Length" Value="6" />
									<Relationship Name="Type">
										<Entry>
											<References ExternalSource="BuiltIns" Name="[varchar]" />
										</Entry>
									</Relationship>
								</Element>
							</Entry>
						</Relationship>
					</Element>
				</Entry>
				<Entry>
					<Element Type="SqlSimpleColumn" Name="[dbo].[FARE].[Fare_code]">
						<Property Name="IsNullable" Value="False" />
						<Relationship Name="TypeSpecifier">
							<Entry>
								<Element Type="SqlTypeSpecifier">
									<Property Name="Length" Value="1" />
									<Relationship Name="Type">
										<Entry>
											<References ExternalSource="BuiltIns" Name="[char]" />
										</Entry>
									</Relationship>
								</Element>
							</Entry>
						</Relationship>
					</Element>
				</Entry>
				<Entry>
					<Element Type="SqlSimpleColumn" Name="[dbo].[FARE].[Amount]">
						<Property Name="IsNullable" Value="False" />
						<Relationship Name="TypeSpecifier">
							<Entry>
								<Element Type="SqlTypeSpecifier">
									<Relationship Name="Type">
										<Entry>
											<References ExternalSource="BuiltIns" Name="[money]" />
										</Entry>
									</Relationship>
								</Element>
							</Entry>
						</Relationship>
					</Element>
				</Entry>
				<Entry>
					<Element Type="SqlSimpleColumn" Name="[dbo].[FARE].[Restrictions]">
						<Property Name="IsNullable" Value="False" />
						<Relationship Name="TypeSpecifier">
							<Entry>
								<Element Type="SqlTypeSpecifier">
									<Relationship Name="Type">
										<Entry>
											<References ExternalSource="BuiltIns" Name="[text]" />
										</Entry>
									</Relationship>
								</Element>
							</Entry>
						</Relationship>
					</Element>
				</Entry>
			</Relationship>
			<Relationship Name="Schema">
				<Entry>
					<References ExternalSource="BuiltIns" Name="[dbo]" />
				</Entry>
			</Relationship>
			<AttachedAnnotation Disambiguator="11" />
		</Element>
		<Element Type="SqlTable" Name="[dbo].[FFC]">
			<Property Name="IsAnsiNullsOn" Value="True" />
			<Relationship Name="Columns">
				<Entry>
					<Element Type="SqlSimpleColumn" Name="[dbo].[FFC].[Passport_no]">
						<Property Name="IsNullable" Value="False" />
						<Relationship Name="TypeSpecifier">
							<Entry>
								<Element Type="SqlTypeSpecifier">
									<Property Name="Length" Value="9" />
									<Relationship Name="Type">
										<Entry>
											<References ExternalSource="BuiltIns" Name="[varchar]" />
										</Entry>
									</Relationship>
								</Element>
							</Entry>
						</Relationship>
					</Element>
				</Entry>
				<Entry>
					<Element Type="SqlSimpleColumn" Name="[dbo].[FFC].[Total_mile]">
						<Property Name="IsNullable" Value="False" />
						<Relationship Name="TypeSpecifier">
							<Entry>
								<Element Type="SqlTypeSpecifier">
									<Relationship Name="Type">
										<Entry>
											<References ExternalSource="BuiltIns" Name="[bigint]" />
										</Entry>
									</Relationship>
								</Element>
							</Entry>
						</Relationship>
					</Element>
				</Entry>
			</Relationship>
			<Relationship Name="Schema">
				<Entry>
					<References ExternalSource="BuiltIns" Name="[dbo]" />
				</Entry>
			</Relationship>
			<AttachedAnnotation Disambiguator="14" />
		</Element>
		<Element Type="SqlDmlTrigger" Name="[dbo].[FFC_OLAMAZ]">
			<Property Name="IsInsertTrigger" Value="True" />
			<Property Name="SqlTriggerType" Value="1" />
			<Property Name="BodyScript">
				<Value QuotedIdentifiers="True" AnsiNulls="True"><![CDATA[
IF(EXISTS (SELECT * FROM inserted,CUSTOMER WHERE inserted.Passport_no=CUSTOMER.Passport_no AND CUSTOMER.Age<18))
BEGIN
	RAISERROR('FFC 18 YAS ALTINDA OLARAK KAYIT EDILEMEZ',1,1)
	ROLLBACK TRANSACTION
END]]></Value>
			</Property>
			<Property Name="IsAnsiNullsOn" Value="True" />
			<Relationship Name="BodyDependencies">
				<Entry>
					<References Name="[dbo].[CUSTOMER]" />
				</Entry>
				<Entry>
					<References Name="[dbo].[FFC].[Passport_no]" />
				</Entry>
				<Entry>
					<References Name="[dbo].[CUSTOMER].[Passport_no]" />
				</Entry>
				<Entry>
					<References Name="[dbo].[CUSTOMER].[Age]" />
				</Entry>
			</Relationship>
			<Relationship Name="Parent">
				<Entry>
					<References Name="[dbo].[FFC]" />
				</Entry>
			</Relationship>
			<Annotation Type="SysCommentsObjectAnnotation">
				<Property Name="CreateOffset" Value="420" />
				<Property Name="Length" Value="678" />
				<Property Name="StartLine" Value="1" />
				<Property Name="StartColumn" Value="1" />
				<Property Name="HeaderContents" Value="--THYDE FFCLER ICIN 2 YASINDAN ALTI KISILERIN FFC OLARAK KAYIT EDILEMEYECEGI YAZILMIS.&#xD;&#xA;--DETAYLI BILGI &#xD;&#xA;--https://www.turkishairlines.com/tr-int/miles-and-smiles/kurallar-ve-kosullar/&#xD;&#xA;--PEGASUSUN SITESINDE ISE 2-18 YAS ALTINDA BIREYLERIN FFC OLAMAYACAGINDAN BAHSETMIS DETAYLI BILGI&#xD;&#xA;--https://www.flypgs.com/bolbol&#xD;&#xA;--VIZE ODEVINDE DE BELIRLEDIGIM GIBI EGER BOYLE BIR SART VARSA EGER BUNUN YAPILAMAMASINI ISTIYORUZ.&#xD;&#xA;CREATE TRIGGER FFC_OLAMAZ&#xD;&#xA;ON FFC&#xD;&#xA;FOR INSERT&#xD;&#xA;AS" />
			</Annotation>
		</Element>
		<Element Type="SqlForeignKeyConstraint" Name="[dbo].[FK_AIRLINE_COMPANY]">
			<Relationship Name="Columns">
				<Entry>
					<References Name="[dbo].[AIRLINE].[Name_airline]" />
				</Entry>
			</Relationship>
			<Relationship Name="DefiningTable">
				<Entry>
					<References Name="[dbo].[AIRLINE]" />
				</Entry>
			</Relationship>
			<Relationship Name="ForeignColumns">
				<Entry>
					<References Name="[dbo].[COMPANY].[Company_name]" />
				</Entry>
			</Relationship>
			<Relationship Name="ForeignTable">
				<Entry>
					<References Name="[dbo].[COMPANY]" />
				</Entry>
			</Relationship>
		</Element>
		<Element Type="SqlForeignKeyConstraint" Name="[dbo].[FK_AIRPLANE]">
			<Relationship Name="Columns">
				<Entry>
					<References Name="[dbo].[AIRPLANE].[Airplane_type]" />
				</Entry>
			</Relationship>
			<Relationship Name="DefiningTable">
				<Entry>
					<References Name="[dbo].[AIRPLANE]" />
				</Entry>
			</Relationship>
			<Relationship Name="ForeignColumns">
				<Entry>
					<References Name="[dbo].[AIRPLANE_TYPE].[Airplane_type_name]" />
				</Entry>
			</Relationship>
			<Relationship Name="ForeignTable">
				<Entry>
					<References Name="[dbo].[AIRPLANE_TYPE]" />
				</Entry>
			</Relationship>
		</Element>
		<Element Type="SqlForeignKeyConstraint" Name="[dbo].[FK_AIRPLANE_MANUFACTURER_COMPANY]">
			<Relationship Name="Columns">
				<Entry>
					<References Name="[dbo].[AIRPLANE_MANUFACTURER].[Company_name]" />
				</Entry>
			</Relationship>
			<Relationship Name="DefiningTable">
				<Entry>
					<References Name="[dbo].[AIRPLANE_MANUFACTURER]" />
				</Entry>
			</Relationship>
			<Relationship Name="ForeignColumns">
				<Entry>
					<References Name="[dbo].[COMPANY].[Company_name]" />
				</Entry>
			</Relationship>
			<Relationship Name="ForeignTable">
				<Entry>
					<References Name="[dbo].[COMPANY]" />
				</Entry>
			</Relationship>
		</Element>
		<Element Type="SqlForeignKeyConstraint" Name="[dbo].[FK_AIRPLANE_TYPE]">
			<Relationship Name="Columns">
				<Entry>
					<References Name="[dbo].[AIRPLANE_TYPE].[Company_name]" />
				</Entry>
			</Relationship>
			<Relationship Name="DefiningTable">
				<Entry>
					<References Name="[dbo].[AIRPLANE_TYPE]" />
				</Entry>
			</Relationship>
			<Relationship Name="ForeignColumns">
				<Entry>
					<References Name="[dbo].[COMPANY].[Company_name]" />
				</Entry>
			</Relationship>
			<Relationship Name="ForeignTable">
				<Entry>
					<References Name="[dbo].[COMPANY]" />
				</Entry>
			</Relationship>
		</Element>
		<Element Type="SqlForeignKeyConstraint" Name="[dbo].[FK_CAN_LAND]">
			<Relationship Name="Columns">
				<Entry>
					<References Name="[dbo].[CAN_LAND].[Airplane_type_name]" />
				</Entry>
			</Relationship>
			<Relationship Name="DefiningTable">
				<Entry>
					<References Name="[dbo].[CAN_LAND]" />
				</Entry>
			</Relationship>
			<Relationship Name="ForeignColumns">
				<Entry>
					<References Name="[dbo].[AIRPLANE_TYPE].[Airplane_type_name]" />
				</Entry>
			</Relationship>
			<Relationship Name="ForeignTable">
				<Entry>
					<References Name="[dbo].[AIRPLANE_TYPE]" />
				</Entry>
			</Relationship>
		</Element>
		<Element Type="SqlForeignKeyConstraint" Name="[dbo].[FK_CAN_LAND_1]">
			<Relationship Name="Columns">
				<Entry>
					<References Name="[dbo].[CAN_LAND].[Airport_code]" />
				</Entry>
			</Relationship>
			<Relationship Name="DefiningTable">
				<Entry>
					<References Name="[dbo].[CAN_LAND]" />
				</Entry>
			</Relationship>
			<Relationship Name="ForeignColumns">
				<Entry>
					<References Name="[dbo].[AIRPORT].[Airport_code]" />
				</Entry>
			</Relationship>
			<Relationship Name="ForeignTable">
				<Entry>
					<References Name="[dbo].[AIRPORT]" />
				</Entry>
			</Relationship>
		</Element>
		<Element Type="SqlForeignKeyConstraint" Name="[dbo].[FK_FARE_FLIGHT]">
			<Relationship Name="Columns">
				<Entry>
					<References Name="[dbo].[FARE].[Flight_number]" />
				</Entry>
			</Relationship>
			<Relationship Name="DefiningTable">
				<Entry>
					<References Name="[dbo].[FARE]" />
				</Entry>
			</Relationship>
			<Relationship Name="ForeignColumns">
				<Entry>
					<References Name="[dbo].[FLIGHT].[Flight_number]" />
				</Entry>
			</Relationship>
			<Relationship Name="ForeignTable">
				<Entry>
					<References Name="[dbo].[FLIGHT]" />
				</Entry>
			</Relationship>
		</Element>
		<Element Type="SqlForeignKeyConstraint" Name="[dbo].[FK_FFC_CUSTOMER]">
			<Relationship Name="Columns">
				<Entry>
					<References Name="[dbo].[FFC].[Passport_no]" />
				</Entry>
			</Relationship>
			<Relationship Name="DefiningTable">
				<Entry>
					<References Name="[dbo].[FFC]" />
				</Entry>
			</Relationship>
			<Relationship Name="ForeignColumns">
				<Entry>
					<References Name="[dbo].[CUSTOMER].[Passport_no]" />
				</Entry>
			</Relationship>
			<Relationship Name="ForeignTable">
				<Entry>
					<References Name="[dbo].[CUSTOMER]" />
				</Entry>
			</Relationship>
		</Element>
		<Element Type="SqlForeignKeyConstraint" Name="[dbo].[FK_FLIGHT_FLIGHT1]">
			<Relationship Name="Columns">
				<Entry>
					<References Name="[dbo].[FLIGHT].[Airline]" />
				</Entry>
			</Relationship>
			<Relationship Name="DefiningTable">
				<Entry>
					<References Name="[dbo].[FLIGHT]" />
				</Entry>
			</Relationship>
			<Relationship Name="ForeignColumns">
				<Entry>
					<References Name="[dbo].[AIRLINE].[Airline_id]" />
				</Entry>
			</Relationship>
			<Relationship Name="ForeignTable">
				<Entry>
					<References Name="[dbo].[AIRLINE]" />
				</Entry>
			</Relationship>
		</Element>
		<Element Type="SqlForeignKeyConstraint" Name="[dbo].[FK_FLIGHT_LEG_AIRPORT]">
			<Relationship Name="Columns">
				<Entry>
					<References Name="[dbo].[FLIGHT_LEG].[Departure_airport_code]" />
				</Entry>
			</Relationship>
			<Relationship Name="DefiningTable">
				<Entry>
					<References Name="[dbo].[FLIGHT_LEG]" />
				</Entry>
			</Relationship>
			<Relationship Name="ForeignColumns">
				<Entry>
					<References Name="[dbo].[AIRPORT].[Airport_code]" />
				</Entry>
			</Relationship>
			<Relationship Name="ForeignTable">
				<Entry>
					<References Name="[dbo].[AIRPORT]" />
				</Entry>
			</Relationship>
		</Element>
		<Element Type="SqlForeignKeyConstraint" Name="[dbo].[FK_FLIGHT_LEG_AIRPORT1]">
			<Relationship Name="Columns">
				<Entry>
					<References Name="[dbo].[FLIGHT_LEG].[Arrival_airport_code]" />
				</Entry>
			</Relationship>
			<Relationship Name="DefiningTable">
				<Entry>
					<References Name="[dbo].[FLIGHT_LEG]" />
				</Entry>
			</Relationship>
			<Relationship Name="ForeignColumns">
				<Entry>
					<References Name="[dbo].[AIRPORT].[Airport_code]" />
				</Entry>
			</Relationship>
			<Relationship Name="ForeignTable">
				<Entry>
					<References Name="[dbo].[AIRPORT]" />
				</Entry>
			</Relationship>
		</Element>
		<Element Type="SqlForeignKeyConstraint" Name="[dbo].[FK_FLIGHT_LEG_FLIGHT]">
			<Relationship Name="Columns">
				<Entry>
					<References Name="[dbo].[FLIGHT_LEG].[Flight_number]" />
				</Entry>
			</Relationship>
			<Relationship Name="DefiningTable">
				<Entry>
					<References Name="[dbo].[FLIGHT_LEG]" />
				</Entry>
			</Relationship>
			<Relationship Name="ForeignColumns">
				<Entry>
					<References Name="[dbo].[FLIGHT].[Flight_number]" />
				</Entry>
			</Relationship>
			<Relationship Name="ForeignTable">
				<Entry>
					<References Name="[dbo].[FLIGHT]" />
				</Entry>
			</Relationship>
		</Element>
		<Element Type="SqlForeignKeyConstraint" Name="[dbo].[FK_LEG_INSTANCE]">
			<Relationship Name="Columns">
				<Entry>
					<References Name="[dbo].[LEG_INSTANCE].[Flight_number]" />
				</Entry>
				<Entry>
					<References Name="[dbo].[LEG_INSTANCE].[Leg_number]" />
				</Entry>
			</Relationship>
			<Relationship Name="DefiningTable">
				<Entry>
					<References Name="[dbo].[LEG_INSTANCE]" />
				</Entry>
			</Relationship>
			<Relationship Name="ForeignColumns">
				<Entry>
					<References Name="[dbo].[FLIGHT_LEG].[Flight_number]" />
				</Entry>
				<Entry>
					<References Name="[dbo].[FLIGHT_LEG].[Leg_number]" />
				</Entry>
			</Relationship>
			<Relationship Name="ForeignTable">
				<Entry>
					<References Name="[dbo].[FLIGHT_LEG]" />
				</Entry>
			</Relationship>
		</Element>
		<Element Type="SqlForeignKeyConstraint" Name="[dbo].[FK_LEG_INSTANCE_1]">
			<Relationship Name="Columns">
				<Entry>
					<References Name="[dbo].[LEG_INSTANCE].[Airplane_id]" />
				</Entry>
			</Relationship>
			<Relationship Name="DefiningTable">
				<Entry>
					<References Name="[dbo].[LEG_INSTANCE]" />
				</Entry>
			</Relationship>
			<Relationship Name="ForeignColumns">
				<Entry>
					<References Name="[dbo].[AIRPLANE].[Airplane_id]" />
				</Entry>
			</Relationship>
			<Relationship Name="ForeignTable">
				<Entry>
					<References Name="[dbo].[AIRPLANE]" />
				</Entry>
			</Relationship>
		</Element>
		<Element Type="SqlForeignKeyConstraint" Name="[dbo].[FK_LEG_INSTANCE_3]">
			<Relationship Name="Columns">
				<Entry>
					<References Name="[dbo].[LEG_INSTANCE].[Departure_airport_code]" />
				</Entry>
			</Relationship>
			<Relationship Name="DefiningTable">
				<Entry>
					<References Name="[dbo].[LEG_INSTANCE]" />
				</Entry>
			</Relationship>
			<Relationship Name="ForeignColumns">
				<Entry>
					<References Name="[dbo].[AIRPORT].[Airport_code]" />
				</Entry>
			</Relationship>
			<Relationship Name="ForeignTable">
				<Entry>
					<References Name="[dbo].[AIRPORT]" />
				</Entry>
			</Relationship>
		</Element>
		<Element Type="SqlForeignKeyConstraint" Name="[dbo].[FK_LEG_INSTANCE_AIRPORT]">
			<Relationship Name="Columns">
				<Entry>
					<References Name="[dbo].[LEG_INSTANCE].[Arrival_airport_code]" />
				</Entry>
			</Relationship>
			<Relationship Name="DefiningTable">
				<Entry>
					<References Name="[dbo].[LEG_INSTANCE]" />
				</Entry>
			</Relationship>
			<Relationship Name="ForeignColumns">
				<Entry>
					<References Name="[dbo].[AIRPORT].[Airport_code]" />
				</Entry>
			</Relationship>
			<Relationship Name="ForeignTable">
				<Entry>
					<References Name="[dbo].[AIRPORT]" />
				</Entry>
			</Relationship>
		</Element>
		<Element Type="SqlForeignKeyConstraint" Name="[dbo].[FK_SEAT_RESERVATION_CUSTOMER]">
			<Relationship Name="Columns">
				<Entry>
					<References Name="[dbo].[SEAT_RESERVATION].[Passport_num]" />
				</Entry>
			</Relationship>
			<Relationship Name="DefiningTable">
				<Entry>
					<References Name="[dbo].[SEAT_RESERVATION]" />
				</Entry>
			</Relationship>
			<Relationship Name="ForeignColumns">
				<Entry>
					<References Name="[dbo].[CUSTOMER].[Passport_no]" />
				</Entry>
			</Relationship>
			<Relationship Name="ForeignTable">
				<Entry>
					<References Name="[dbo].[CUSTOMER]" />
				</Entry>
			</Relationship>
		</Element>
		<Element Type="SqlForeignKeyConstraint" Name="[dbo].[FK_SEAT_RESERVATION_LEG_INSTANCE]">
			<Relationship Name="Columns">
				<Entry>
					<References Name="[dbo].[SEAT_RESERVATION].[Flight_number]" />
				</Entry>
				<Entry>
					<References Name="[dbo].[SEAT_RESERVATION].[Leg_number]" />
				</Entry>
				<Entry>
					<References Name="[dbo].[SEAT_RESERVATION].[Datee]" />
				</Entry>
			</Relationship>
			<Relationship Name="DefiningTable">
				<Entry>
					<References Name="[dbo].[SEAT_RESERVATION]" />
				</Entry>
			</Relationship>
			<Relationship Name="ForeignColumns">
				<Entry>
					<References Name="[dbo].[LEG_INSTANCE].[Flight_number]" />
				</Entry>
				<Entry>
					<References Name="[dbo].[LEG_INSTANCE].[Leg_number]" />
				</Entry>
				<Entry>
					<References Name="[dbo].[LEG_INSTANCE].[Datee]" />
				</Entry>
			</Relationship>
			<Relationship Name="ForeignTable">
				<Entry>
					<References Name="[dbo].[LEG_INSTANCE]" />
				</Entry>
			</Relationship>
		</Element>
		<Element Type="SqlTable" Name="[dbo].[FLIGHT]">
			<Property Name="IsAnsiNullsOn" Value="True" />
			<Relationship Name="Columns">
				<Entry>
					<Element Type="SqlSimpleColumn" Name="[dbo].[FLIGHT].[Flight_number]">
						<Property Name="IsNullable" Value="False" />
						<Relationship Name="TypeSpecifier">
							<Entry>
								<Element Type="SqlTypeSpecifier">
									<Property Name="Length" Value="6" />
									<Relationship Name="Type">
										<Entry>
											<References ExternalSource="BuiltIns" Name="[varchar]" />
										</Entry>
									</Relationship>
								</Element>
							</Entry>
						</Relationship>
					</Element>
				</Entry>
				<Entry>
					<Element Type="SqlSimpleColumn" Name="[dbo].[FLIGHT].[Airline]">
						<Relationship Name="TypeSpecifier">
							<Entry>
								<Element Type="SqlTypeSpecifier">
									<Property Name="Length" Value="2" />
									<Relationship Name="Type">
										<Entry>
											<References ExternalSource="BuiltIns" Name="[varchar]" />
										</Entry>
									</Relationship>
								</Element>
							</Entry>
						</Relationship>
					</Element>
				</Entry>
				<Entry>
					<Element Type="SqlSimpleColumn" Name="[dbo].[FLIGHT].[Weekdays]">
						<Relationship Name="TypeSpecifier">
							<Entry>
								<Element Type="SqlTypeSpecifier">
									<Property Name="Length" Value="12" />
									<Relationship Name="Type">
										<Entry>
											<References ExternalSource="BuiltIns" Name="[varchar]" />
										</Entry>
									</Relationship>
								</Element>
							</Entry>
						</Relationship>
					</Element>
				</Entry>
			</Relationship>
			<Relationship Name="Schema">
				<Entry>
					<References ExternalSource="BuiltIns" Name="[dbo]" />
				</Entry>
			</Relationship>
			<AttachedAnnotation Disambiguator="8" />
		</Element>
		<Element Type="SqlTable" Name="[dbo].[FLIGHT_LEG]">
			<Property Name="IsAnsiNullsOn" Value="True" />
			<Relationship Name="Columns">
				<Entry>
					<Element Type="SqlSimpleColumn" Name="[dbo].[FLIGHT_LEG].[Flight_number]">
						<Property Name="IsNullable" Value="False" />
						<Relationship Name="TypeSpecifier">
							<Entry>
								<Element Type="SqlTypeSpecifier">
									<Property Name="Length" Value="6" />
									<Relationship Name="Type">
										<Entry>
											<References ExternalSource="BuiltIns" Name="[varchar]" />
										</Entry>
									</Relationship>
								</Element>
							</Entry>
						</Relationship>
					</Element>
				</Entry>
				<Entry>
					<Element Type="SqlSimpleColumn" Name="[dbo].[FLIGHT_LEG].[Leg_number]">
						<Property Name="IsNullable" Value="False" />
						<Relationship Name="TypeSpecifier">
							<Entry>
								<Element Type="SqlTypeSpecifier">
									<Property Name="Length" Value="6" />
									<Relationship Name="Type">
										<Entry>
											<References ExternalSource="BuiltIns" Name="[varchar]" />
										</Entry>
									</Relationship>
								</Element>
							</Entry>
						</Relationship>
					</Element>
				</Entry>
				<Entry>
					<Element Type="SqlSimpleColumn" Name="[dbo].[FLIGHT_LEG].[Departure_airport_code]">
						<Property Name="IsNullable" Value="False" />
						<Relationship Name="TypeSpecifier">
							<Entry>
								<Element Type="SqlTypeSpecifier">
									<Property Name="Length" Value="4" />
									<Relationship Name="Type">
										<Entry>
											<References ExternalSource="BuiltIns" Name="[varchar]" />
										</Entry>
									</Relationship>
								</Element>
							</Entry>
						</Relationship>
					</Element>
				</Entry>
				<Entry>
					<Element Type="SqlSimpleColumn" Name="[dbo].[FLIGHT_LEG].[Arrival_airport_code]">
						<Property Name="IsNullable" Value="False" />
						<Relationship Name="TypeSpecifier">
							<Entry>
								<Element Type="SqlTypeSpecifier">
									<Property Name="Length" Value="4" />
									<Relationship Name="Type">
										<Entry>
											<References ExternalSource="BuiltIns" Name="[varchar]" />
										</Entry>
									</Relationship>
								</Element>
							</Entry>
						</Relationship>
					</Element>
				</Entry>
				<Entry>
					<Element Type="SqlSimpleColumn" Name="[dbo].[FLIGHT_LEG].[Scheduled_departure_time]">
						<Property Name="IsNullable" Value="False" />
						<Relationship Name="TypeSpecifier">
							<Entry>
								<Element Type="SqlTypeSpecifier">
									<Relationship Name="Type">
										<Entry>
											<References ExternalSource="BuiltIns" Name="[datetime]" />
										</Entry>
									</Relationship>
								</Element>
							</Entry>
						</Relationship>
					</Element>
				</Entry>
				<Entry>
					<Element Type="SqlSimpleColumn" Name="[dbo].[FLIGHT_LEG].[Scheduled_arrive_time]">
						<Property Name="IsNullable" Value="False" />
						<Relationship Name="TypeSpecifier">
							<Entry>
								<Element Type="SqlTypeSpecifier">
									<Relationship Name="Type">
										<Entry>
											<References ExternalSource="BuiltIns" Name="[datetime]" />
										</Entry>
									</Relationship>
								</Element>
							</Entry>
						</Relationship>
					</Element>
				</Entry>
			</Relationship>
			<Relationship Name="Schema">
				<Entry>
					<References ExternalSource="BuiltIns" Name="[dbo]" />
				</Entry>
			</Relationship>
			<AttachedAnnotation Disambiguator="9" />
		</Element>
		<Element Type="SqlView" Name="[dbo].[GZT_TO_ISL_PRICES]">
			<Property Name="QueryScript">
				<Value QuotedIdentifiers="True" AnsiNulls="True"><![CDATA[
--GZT TO ISL uçan biri uçun biletlerin en ucuzdan en pahalıya doğru sıralanmış hali
SELECT FARE.Amount as Fiyat,FLIGHT.Airline,AIRLINE.Name_airline
FROM LEG_INSTANCE,FARE,FLIGHT,AIRLINE
WHERE LEG_INSTANCE.Departure_airport_code='GZT' AND
LEG_INSTANCE.Arrival_airport_code='ISL' AND
LEG_INSTANCE.Flight_number=FARE.Flight_number AND
LEG_INSTANCE.Flight_number=FLIGHT.Flight_number AND
FLIGHT.Airline=AIRLINE.Airline_id]]></Value>
			</Property>
			<Property Name="IsAnsiNullsOn" Value="True" />
			<Relationship Name="Columns">
				<Entry>
					<Element Type="SqlComputedColumn" Name="[dbo].[GZT_TO_ISL_PRICES].[Fiyat]">
						<Relationship Name="ExpressionDependencies">
							<Entry>
								<References Name="[dbo].[FARE].[Amount]" />
							</Entry>
						</Relationship>
					</Element>
				</Entry>
				<Entry>
					<Element Type="SqlComputedColumn" Name="[dbo].[GZT_TO_ISL_PRICES].[Airline]">
						<Relationship Name="ExpressionDependencies">
							<Entry>
								<References Name="[dbo].[FLIGHT].[Airline]" />
							</Entry>
						</Relationship>
					</Element>
				</Entry>
				<Entry>
					<Element Type="SqlComputedColumn" Name="[dbo].[GZT_TO_ISL_PRICES].[Name_airline]">
						<Relationship Name="ExpressionDependencies">
							<Entry>
								<References Name="[dbo].[AIRLINE].[Name_airline]" />
							</Entry>
						</Relationship>
					</Element>
				</Entry>
			</Relationship>
			<Relationship Name="QueryDependencies">
				<Entry>
					<References Name="[dbo].[LEG_INSTANCE]" />
				</Entry>
				<Entry>
					<References Name="[dbo].[FARE]" />
				</Entry>
				<Entry>
					<References Name="[dbo].[FLIGHT]" />
				</Entry>
				<Entry>
					<References Name="[dbo].[AIRLINE]" />
				</Entry>
				<Entry>
					<References Name="[dbo].[FARE].[Amount]" />
				</Entry>
				<Entry>
					<References Name="[dbo].[FLIGHT].[Airline]" />
				</Entry>
				<Entry>
					<References Name="[dbo].[AIRLINE].[Name_airline]" />
				</Entry>
				<Entry>
					<References Name="[dbo].[LEG_INSTANCE].[Departure_airport_code]" />
				</Entry>
				<Entry>
					<References Name="[dbo].[LEG_INSTANCE].[Arrival_airport_code]" />
				</Entry>
				<Entry>
					<References Name="[dbo].[LEG_INSTANCE].[Flight_number]" />
				</Entry>
				<Entry>
					<References Name="[dbo].[FARE].[Flight_number]" />
				</Entry>
				<Entry>
					<References Name="[dbo].[FLIGHT].[Flight_number]" />
				</Entry>
				<Entry>
					<References Name="[dbo].[AIRLINE].[Airline_id]" />
				</Entry>
			</Relationship>
			<Relationship Name="Schema">
				<Entry>
					<References ExternalSource="BuiltIns" Name="[dbo]" />
				</Entry>
			</Relationship>
			<Annotation Type="SysCommentsObjectAnnotation">
				<Property Name="Length" Value="458" />
				<Property Name="StartLine" Value="1" />
				<Property Name="StartColumn" Value="1" />
				<Property Name="HeaderContents" Value="CREATE VIEW GZT_TO_ISL_PRICES AS" />
			</Annotation>
		</Element>
		<Element Type="SqlView" Name="[dbo].[IstanbuldanKalkanUcuslar]">
			<Property Name="QueryScript">
				<Value QuotedIdentifiers="True" AnsiNulls="True"><![CDATA[
SELECT LEG_INSTANCE.Flight_number,LEG_INSTANCE.Leg_number
FROM LEG_INSTANCE,AIRPORT
WHERE LEG_INSTANCE.Departure_airport_code=AIRPORT.Airport_code AND
AIRPORT.City='İstanbul']]></Value>
			</Property>
			<Property Name="IsAnsiNullsOn" Value="True" />
			<Relationship Name="Columns">
				<Entry>
					<Element Type="SqlComputedColumn" Name="[dbo].[IstanbuldanKalkanUcuslar].[Flight_number]">
						<Relationship Name="ExpressionDependencies">
							<Entry>
								<References Name="[dbo].[LEG_INSTANCE].[Flight_number]" />
							</Entry>
						</Relationship>
					</Element>
				</Entry>
				<Entry>
					<Element Type="SqlComputedColumn" Name="[dbo].[IstanbuldanKalkanUcuslar].[Leg_number]">
						<Relationship Name="ExpressionDependencies">
							<Entry>
								<References Name="[dbo].[LEG_INSTANCE].[Leg_number]" />
							</Entry>
						</Relationship>
					</Element>
				</Entry>
			</Relationship>
			<Relationship Name="QueryDependencies">
				<Entry>
					<References Name="[dbo].[LEG_INSTANCE]" />
				</Entry>
				<Entry>
					<References Name="[dbo].[AIRPORT]" />
				</Entry>
				<Entry>
					<References Name="[dbo].[LEG_INSTANCE].[Flight_number]" />
				</Entry>
				<Entry>
					<References Name="[dbo].[LEG_INSTANCE].[Leg_number]" />
				</Entry>
				<Entry>
					<References Name="[dbo].[LEG_INSTANCE].[Departure_airport_code]" />
				</Entry>
				<Entry>
					<References Name="[dbo].[AIRPORT].[Airport_code]" />
				</Entry>
				<Entry>
					<References Name="[dbo].[AIRPORT].[City]" />
				</Entry>
			</Relationship>
			<Relationship Name="Schema">
				<Entry>
					<References ExternalSource="BuiltIns" Name="[dbo]" />
				</Entry>
			</Relationship>
			<Annotation Type="SysCommentsObjectAnnotation">
				<Property Name="Length" Value="218" />
				<Property Name="StartLine" Value="1" />
				<Property Name="StartColumn" Value="1" />
				<Property Name="HeaderContents" Value="CREATE VIEW IstanbuldanKalkanUcuslar as" />
			</Annotation>
		</Element>
		<Element Type="SqlTable" Name="[dbo].[LEG_INSTANCE]">
			<Property Name="IsAnsiNullsOn" Value="True" />
			<Relationship Name="Columns">
				<Entry>
					<Element Type="SqlSimpleColumn" Name="[dbo].[LEG_INSTANCE].[Flight_number]">
						<Property Name="IsNullable" Value="False" />
						<Relationship Name="TypeSpecifier">
							<Entry>
								<Element Type="SqlTypeSpecifier">
									<Property Name="Length" Value="6" />
									<Relationship Name="Type">
										<Entry>
											<References ExternalSource="BuiltIns" Name="[varchar]" />
										</Entry>
									</Relationship>
								</Element>
							</Entry>
						</Relationship>
					</Element>
				</Entry>
				<Entry>
					<Element Type="SqlSimpleColumn" Name="[dbo].[LEG_INSTANCE].[Leg_number]">
						<Property Name="IsNullable" Value="False" />
						<Relationship Name="TypeSpecifier">
							<Entry>
								<Element Type="SqlTypeSpecifier">
									<Property Name="Length" Value="6" />
									<Relationship Name="Type">
										<Entry>
											<References ExternalSource="BuiltIns" Name="[varchar]" />
										</Entry>
									</Relationship>
								</Element>
							</Entry>
						</Relationship>
					</Element>
				</Entry>
				<Entry>
					<Element Type="SqlSimpleColumn" Name="[dbo].[LEG_INSTANCE].[Datee]">
						<Property Name="IsNullable" Value="False" />
						<Relationship Name="TypeSpecifier">
							<Entry>
								<Element Type="SqlTypeSpecifier">
									<Relationship Name="Type">
										<Entry>
											<References ExternalSource="BuiltIns" Name="[datetime]" />
										</Entry>
									</Relationship>
								</Element>
							</Entry>
						</Relationship>
					</Element>
				</Entry>
				<Entry>
					<Element Type="SqlSimpleColumn" Name="[dbo].[LEG_INSTANCE].[Number_of_available_seats]">
						<Relationship Name="TypeSpecifier">
							<Entry>
								<Element Type="SqlTypeSpecifier">
									<Relationship Name="Type">
										<Entry>
											<References ExternalSource="BuiltIns" Name="[smallint]" />
										</Entry>
									</Relationship>
								</Element>
							</Entry>
						</Relationship>
					</Element>
				</Entry>
				<Entry>
					<Element Type="SqlSimpleColumn" Name="[dbo].[LEG_INSTANCE].[Airplane_id]">
						<Property Name="IsNullable" Value="False" />
						<Relationship Name="TypeSpecifier">
							<Entry>
								<Element Type="SqlTypeSpecifier">
									<Property Name="Length" Value="7" />
									<Relationship Name="Type">
										<Entry>
											<References ExternalSource="BuiltIns" Name="[varchar]" />
										</Entry>
									</Relationship>
								</Element>
							</Entry>
						</Relationship>
					</Element>
				</Entry>
				<Entry>
					<Element Type="SqlSimpleColumn" Name="[dbo].[LEG_INSTANCE].[Departure_airport_code]">
						<Property Name="IsNullable" Value="False" />
						<Relationship Name="TypeSpecifier">
							<Entry>
								<Element Type="SqlTypeSpecifier">
									<Property Name="Length" Value="4" />
									<Relationship Name="Type">
										<Entry>
											<References ExternalSource="BuiltIns" Name="[varchar]" />
										</Entry>
									</Relationship>
								</Element>
							</Entry>
						</Relationship>
					</Element>
				</Entry>
				<Entry>
					<Element Type="SqlSimpleColumn" Name="[dbo].[LEG_INSTANCE].[Arrival_airport_code]">
						<Property Name="IsNullable" Value="False" />
						<Relationship Name="TypeSpecifier">
							<Entry>
								<Element Type="SqlTypeSpecifier">
									<Property Name="Length" Value="4" />
									<Relationship Name="Type">
										<Entry>
											<References ExternalSource="BuiltIns" Name="[varchar]" />
										</Entry>
									</Relationship>
								</Element>
							</Entry>
						</Relationship>
					</Element>
				</Entry>
				<Entry>
					<Element Type="SqlSimpleColumn" Name="[dbo].[LEG_INSTANCE].[Departure_time]">
						<Property Name="IsNullable" Value="False" />
						<Relationship Name="TypeSpecifier">
							<Entry>
								<Element Type="SqlTypeSpecifier">
									<Relationship Name="Type">
										<Entry>
											<References ExternalSource="BuiltIns" Name="[datetime]" />
										</Entry>
									</Relationship>
								</Element>
							</Entry>
						</Relationship>
					</Element>
				</Entry>
				<Entry>
					<Element Type="SqlSimpleColumn" Name="[dbo].[LEG_INSTANCE].[Mile]">
						<Property Name="IsNullable" Value="False" />
						<Relationship Name="TypeSpecifier">
							<Entry>
								<Element Type="SqlTypeSpecifier">
									<Relationship Name="Type">
										<Entry>
											<References ExternalSource="BuiltIns" Name="[bigint]" />
										</Entry>
									</Relationship>
								</Element>
							</Entry>
						</Relationship>
					</Element>
				</Entry>
				<Entry>
					<Element Type="SqlSimpleColumn" Name="[dbo].[LEG_INSTANCE].[Arrival_time]">
						<Property Name="IsNullable" Value="False" />
						<Relationship Name="TypeSpecifier">
							<Entry>
								<Element Type="SqlTypeSpecifier">
									<Relationship Name="Type">
										<Entry>
											<References ExternalSource="BuiltIns" Name="[datetime]" />
										</Entry>
									</Relationship>
								</Element>
							</Entry>
						</Relationship>
					</Element>
				</Entry>
			</Relationship>
			<Relationship Name="Schema">
				<Entry>
					<References ExternalSource="BuiltIns" Name="[dbo]" />
				</Entry>
			</Relationship>
			<AttachedAnnotation Disambiguator="10" />
		</Element>
		<Element Type="SqlDmlTrigger" Name="[dbo].[MAX_SEATS_AVALIABLE_SEATS]">
			<Property Name="IsInsertTrigger" Value="True" />
			<Property Name="SqlTriggerType" Value="2" />
			<Property Name="BodyScript">
				<Value QuotedIdentifiers="True" AnsiNulls="True"><![CDATA[
IF(EXISTS (SELECT* FROM inserted,AIRPLANE WHERE inserted.Airplane_id=AIRPLANE.Airplane_id AND inserted.Number_of_available_seats>AIRPLANE.Total_number_of_seats))
BEGIN
	RAISERROR('Bu uçak tipi kapasitesinden çok yolcu eklenmeye çalışıyor hata!!',1,1)
	ROLLBACK transaction
	
	END]]></Value>
			</Property>
			<Property Name="IsAnsiNullsOn" Value="True" />
			<Relationship Name="BodyDependencies">
				<Entry>
					<References Name="[dbo].[AIRPLANE]" />
				</Entry>
				<Entry>
					<References Name="[dbo].[LEG_INSTANCE].[Airplane_id]" />
				</Entry>
				<Entry>
					<References Name="[dbo].[AIRPLANE].[Airplane_id]" />
				</Entry>
				<Entry>
					<References Name="[dbo].[LEG_INSTANCE].[Number_of_available_seats]" />
				</Entry>
				<Entry>
					<References Name="[dbo].[AIRPLANE].[Total_number_of_seats]" />
				</Entry>
			</Relationship>
			<Relationship Name="Parent">
				<Entry>
					<References Name="[dbo].[LEG_INSTANCE]" />
				</Entry>
			</Relationship>
			<Annotation Type="SysCommentsObjectAnnotation">
				<Property Name="Length" Value="361" />
				<Property Name="StartLine" Value="1" />
				<Property Name="StartColumn" Value="1" />
				<Property Name="HeaderContents" Value="CREATE TRIGGER MAX_SEATS_AVALIABLE_SEATS&#xD;&#xA;ON LEG_INSTANCE&#xD;&#xA;AFTER INSERT&#xD;&#xA;AS" />
			</Annotation>
		</Element>
		<Element Type="SqlView" Name="[dbo].[MILES_AND_CUSTOMERS]">
			<Property Name="QueryScript">
				<Value QuotedIdentifiers="True" AnsiNulls="True"><![CDATA[ 
SELECT LEG_INSTANCE.Mile,SEAT_RESERVATION.Passport_num,CUSTOMER.Customer_name
FROM LEG_INSTANCE,SEAT_RESERVATION,CUSTOMER
WHERE SEAT_RESERVATION.Datee=LEG_INSTANCE.Departure_time AND
SEAT_RESERVATION.Flight_number=LEG_INSTANCE.Flight_number AND
SEAT_RESERVATION.Leg_number=LEG_INSTANCE.Leg_number AND
CUSTOMER.Passport_no=SEAT_RESERVATION.Passport_num]]></Value>
			</Property>
			<Property Name="IsAnsiNullsOn" Value="True" />
			<Relationship Name="Columns">
				<Entry>
					<Element Type="SqlComputedColumn" Name="[dbo].[MILES_AND_CUSTOMERS].[Mile]">
						<Relationship Name="ExpressionDependencies">
							<Entry>
								<References Name="[dbo].[LEG_INSTANCE].[Mile]" />
							</Entry>
						</Relationship>
					</Element>
				</Entry>
				<Entry>
					<Element Type="SqlComputedColumn" Name="[dbo].[MILES_AND_CUSTOMERS].[Passport_num]">
						<Relationship Name="ExpressionDependencies">
							<Entry>
								<References Name="[dbo].[SEAT_RESERVATION].[Passport_num]" />
							</Entry>
						</Relationship>
					</Element>
				</Entry>
				<Entry>
					<Element Type="SqlComputedColumn" Name="[dbo].[MILES_AND_CUSTOMERS].[Customer_name]">
						<Relationship Name="ExpressionDependencies">
							<Entry>
								<References Name="[dbo].[CUSTOMER].[Customer_name]" />
							</Entry>
						</Relationship>
					</Element>
				</Entry>
			</Relationship>
			<Relationship Name="QueryDependencies">
				<Entry>
					<References Name="[dbo].[LEG_INSTANCE]" />
				</Entry>
				<Entry>
					<References Name="[dbo].[SEAT_RESERVATION]" />
				</Entry>
				<Entry>
					<References Name="[dbo].[CUSTOMER]" />
				</Entry>
				<Entry>
					<References Name="[dbo].[LEG_INSTANCE].[Mile]" />
				</Entry>
				<Entry>
					<References Name="[dbo].[SEAT_RESERVATION].[Passport_num]" />
				</Entry>
				<Entry>
					<References Name="[dbo].[CUSTOMER].[Customer_name]" />
				</Entry>
				<Entry>
					<References Name="[dbo].[SEAT_RESERVATION].[Datee]" />
				</Entry>
				<Entry>
					<References Name="[dbo].[LEG_INSTANCE].[Departure_time]" />
				</Entry>
				<Entry>
					<References Name="[dbo].[SEAT_RESERVATION].[Flight_number]" />
				</Entry>
				<Entry>
					<References Name="[dbo].[LEG_INSTANCE].[Flight_number]" />
				</Entry>
				<Entry>
					<References Name="[dbo].[SEAT_RESERVATION].[Leg_number]" />
				</Entry>
				<Entry>
					<References Name="[dbo].[LEG_INSTANCE].[Leg_number]" />
				</Entry>
				<Entry>
					<References Name="[dbo].[CUSTOMER].[Passport_no]" />
				</Entry>
			</Relationship>
			<Relationship Name="Schema">
				<Entry>
					<References ExternalSource="BuiltIns" Name="[dbo]" />
				</Entry>
			</Relationship>
			<Annotation Type="SysCommentsObjectAnnotation">
				<Property Name="Length" Value="393" />
				<Property Name="StartLine" Value="1" />
				<Property Name="StartColumn" Value="1" />
				<Property Name="HeaderContents" Value="CREATE VIEW MILES_AND_CUSTOMERS AS" />
			</Annotation>
		</Element>
		<Element Type="SqlPrimaryKeyConstraint" Name="[dbo].[PK_AIRPLANE_MANUFACTURER]">
			<Relationship Name="ColumnSpecifications">
				<Entry>
					<Element Type="SqlIndexedColumnSpecification">
						<Relationship Name="Column">
							<Entry>
								<References Name="[dbo].[AIRPLANE_MANUFACTURER].[Company_name]" />
							</Entry>
						</Relationship>
					</Element>
				</Entry>
			</Relationship>
			<Relationship Name="DefiningTable">
				<Entry>
					<References Name="[dbo].[AIRPLANE_MANUFACTURER]" />
				</Entry>
			</Relationship>
		</Element>
		<Element Type="SqlPrimaryKeyConstraint" Name="[dbo].[PK_AIRPLANE_TYPE]">
			<Relationship Name="ColumnSpecifications">
				<Entry>
					<Element Type="SqlIndexedColumnSpecification">
						<Relationship Name="Column">
							<Entry>
								<References Name="[dbo].[AIRPLANE_TYPE].[Airplane_type_name]" />
							</Entry>
						</Relationship>
					</Element>
				</Entry>
			</Relationship>
			<Relationship Name="DefiningTable">
				<Entry>
					<References Name="[dbo].[AIRPLANE_TYPE]" />
				</Entry>
			</Relationship>
		</Element>
		<Element Type="SqlDmlTrigger" Name="[dbo].[REZERVASYON_SILINDI_YER_ARTAR]">
			<Property Name="IsDeleteTrigger" Value="True" />
			<Property Name="SqlTriggerType" Value="2" />
			<Property Name="BodyScript">
				<Value QuotedIdentifiers="True" AnsiNulls="True"><![CDATA[ 
BEGIN
	DECLARE @Flight_number varchar(6),@Leg_no varchar(6),@deletedDate datetime
	SELECT @Flight_number=Flight_number,@Leg_no=Leg_number,@deletedDate=Datee from deleted

	UPDATE LEG_INSTANCE
	SET Number_of_available_seats=Number_of_available_seats+1
	WHERE Flight_number=@Flight_number AND Leg_number=@Leg_no AND Datee=@deletedDate
END]]></Value>
			</Property>
			<Property Name="IsAnsiNullsOn" Value="True" />
			<Relationship Name="BodyDependencies">
				<Entry>
					<References ExternalSource="BuiltIns" Name="[varchar]" />
				</Entry>
				<Entry>
					<References ExternalSource="BuiltIns" Name="[varchar]" />
				</Entry>
				<Entry>
					<References ExternalSource="BuiltIns" Name="[datetime]" />
				</Entry>
				<Entry>
					<References Name="[dbo].[SEAT_RESERVATION].[Flight_number]" />
				</Entry>
				<Entry>
					<References Name="[dbo].[SEAT_RESERVATION].[Leg_number]" />
				</Entry>
				<Entry>
					<References Name="[dbo].[SEAT_RESERVATION].[Datee]" />
				</Entry>
				<Entry>
					<References Name="[dbo].[LEG_INSTANCE]" />
				</Entry>
				<Entry>
					<References Name="[dbo].[LEG_INSTANCE].[Number_of_available_seats]" />
				</Entry>
				<Entry>
					<References Name="[dbo].[LEG_INSTANCE].[Flight_number]" />
				</Entry>
				<Entry>
					<References Name="[dbo].[LEG_INSTANCE].[Leg_number]" />
				</Entry>
				<Entry>
					<References Name="[dbo].[LEG_INSTANCE].[Datee]" />
				</Entry>
			</Relationship>
			<Relationship Name="Parent">
				<Entry>
					<References Name="[dbo].[SEAT_RESERVATION]" />
				</Entry>
			</Relationship>
			<Annotation Type="SysCommentsObjectAnnotation">
				<Property Name="CreateOffset" Value="70" />
				<Property Name="Length" Value="499" />
				<Property Name="StartLine" Value="1" />
				<Property Name="StartColumn" Value="1" />
				<Property Name="HeaderContents" Value="--EGER SEAT_RESERVATIONDAN KAYIT SILINIRSE AVAILABLE SEAT BIR ARTAR.&#xD;&#xA;CREATE TRIGGER REZERVASYON_SILINDI_YER_ARTAR&#xD;&#xA;ON SEAT_RESERVATION&#xD;&#xA;AFTER DELETE&#xD;&#xA;AS" />
			</Annotation>
		</Element>
		<Element Type="SqlTable" Name="[dbo].[SEAT_RESERVATION]">
			<Property Name="IsAnsiNullsOn" Value="True" />
			<Relationship Name="Columns">
				<Entry>
					<Element Type="SqlSimpleColumn" Name="[dbo].[SEAT_RESERVATION].[Flight_number]">
						<Property Name="IsNullable" Value="False" />
						<Relationship Name="TypeSpecifier">
							<Entry>
								<Element Type="SqlTypeSpecifier">
									<Property Name="Length" Value="6" />
									<Relationship Name="Type">
										<Entry>
											<References ExternalSource="BuiltIns" Name="[varchar]" />
										</Entry>
									</Relationship>
								</Element>
							</Entry>
						</Relationship>
					</Element>
				</Entry>
				<Entry>
					<Element Type="SqlSimpleColumn" Name="[dbo].[SEAT_RESERVATION].[Leg_number]">
						<Property Name="IsNullable" Value="False" />
						<Relationship Name="TypeSpecifier">
							<Entry>
								<Element Type="SqlTypeSpecifier">
									<Property Name="Length" Value="6" />
									<Relationship Name="Type">
										<Entry>
											<References ExternalSource="BuiltIns" Name="[varchar]" />
										</Entry>
									</Relationship>
								</Element>
							</Entry>
						</Relationship>
					</Element>
				</Entry>
				<Entry>
					<Element Type="SqlSimpleColumn" Name="[dbo].[SEAT_RESERVATION].[Datee]">
						<Property Name="IsNullable" Value="False" />
						<Relationship Name="TypeSpecifier">
							<Entry>
								<Element Type="SqlTypeSpecifier">
									<Relationship Name="Type">
										<Entry>
											<References ExternalSource="BuiltIns" Name="[datetime]" />
										</Entry>
									</Relationship>
								</Element>
							</Entry>
						</Relationship>
					</Element>
				</Entry>
				<Entry>
					<Element Type="SqlSimpleColumn" Name="[dbo].[SEAT_RESERVATION].[Seat_number]">
						<Property Name="IsNullable" Value="False" />
						<Relationship Name="TypeSpecifier">
							<Entry>
								<Element Type="SqlTypeSpecifier">
									<Property Name="Length" Value="3" />
									<Relationship Name="Type">
										<Entry>
											<References ExternalSource="BuiltIns" Name="[varchar]" />
										</Entry>
									</Relationship>
								</Element>
							</Entry>
						</Relationship>
					</Element>
				</Entry>
				<Entry>
					<Element Type="SqlSimpleColumn" Name="[dbo].[SEAT_RESERVATION].[Passport_num]">
						<Relationship Name="TypeSpecifier">
							<Entry>
								<Element Type="SqlTypeSpecifier">
									<Property Name="Length" Value="9" />
									<Relationship Name="Type">
										<Entry>
											<References ExternalSource="BuiltIns" Name="[varchar]" />
										</Entry>
									</Relationship>
								</Element>
							</Entry>
						</Relationship>
					</Element>
				</Entry>
				<Entry>
					<Element Type="SqlSimpleColumn" Name="[dbo].[SEAT_RESERVATION].[check_in]">
						<Property Name="IsNullable" Value="False" />
						<Relationship Name="TypeSpecifier">
							<Entry>
								<Element Type="SqlTypeSpecifier">
									<Relationship Name="Type">
										<Entry>
											<References ExternalSource="BuiltIns" Name="[bit]" />
										</Entry>
									</Relationship>
								</Element>
							</Entry>
						</Relationship>
						<AttachedAnnotation Disambiguator="5" />
					</Element>
				</Entry>
			</Relationship>
			<Relationship Name="Schema">
				<Entry>
					<References ExternalSource="BuiltIns" Name="[dbo]" />
				</Entry>
			</Relationship>
			<AttachedAnnotation Disambiguator="6" />
		</Element>
		<Element Type="SqlView" Name="[dbo].[Ucuslar]">
			<Property Name="QueryScript">
				<Value QuotedIdentifiers="True" AnsiNulls="True"><![CDATA[
SELECT LEG_INSTANCE.Flight_number,LEG_INSTANCE.Arrival_airport_code,LEG_INSTANCE.Departure_airport_code,ARR.City as ARRIVALCITY,DEPT.City AS DEPARTURECITY
FROM LEG_INSTANCE,AIRPORT AS DEPT,AIRPORT AS ARR 
WHERE LEG_INSTANCE.Departure_airport_code=DEPT.Airport_code AND
LEG_INSTANCE.Arrival_airport_code=ARR.Airport_code]]></Value>
			</Property>
			<Property Name="IsAnsiNullsOn" Value="True" />
			<Relationship Name="Columns">
				<Entry>
					<Element Type="SqlComputedColumn" Name="[dbo].[Ucuslar].[Flight_number]">
						<Relationship Name="ExpressionDependencies">
							<Entry>
								<References Name="[dbo].[LEG_INSTANCE].[Flight_number]" />
							</Entry>
						</Relationship>
					</Element>
				</Entry>
				<Entry>
					<Element Type="SqlComputedColumn" Name="[dbo].[Ucuslar].[Arrival_airport_code]">
						<Relationship Name="ExpressionDependencies">
							<Entry>
								<References Name="[dbo].[LEG_INSTANCE].[Arrival_airport_code]" />
							</Entry>
						</Relationship>
					</Element>
				</Entry>
				<Entry>
					<Element Type="SqlComputedColumn" Name="[dbo].[Ucuslar].[Departure_airport_code]">
						<Relationship Name="ExpressionDependencies">
							<Entry>
								<References Name="[dbo].[LEG_INSTANCE].[Departure_airport_code]" />
							</Entry>
						</Relationship>
					</Element>
				</Entry>
				<Entry>
					<Element Type="SqlComputedColumn" Name="[dbo].[Ucuslar].[ARRIVALCITY]">
						<Relationship Name="ExpressionDependencies">
							<Entry>
								<References Name="[dbo].[AIRPORT].[City]" />
							</Entry>
						</Relationship>
					</Element>
				</Entry>
				<Entry>
					<Element Type="SqlComputedColumn" Name="[dbo].[Ucuslar].[DEPARTURECITY]">
						<Relationship Name="ExpressionDependencies">
							<Entry>
								<References Name="[dbo].[AIRPORT].[City]" />
							</Entry>
						</Relationship>
					</Element>
				</Entry>
			</Relationship>
			<Relationship Name="QueryDependencies">
				<Entry>
					<References Name="[dbo].[LEG_INSTANCE]" />
				</Entry>
				<Entry>
					<References Name="[dbo].[AIRPORT]" />
				</Entry>
				<Entry>
					<References Name="[dbo].[LEG_INSTANCE].[Flight_number]" />
				</Entry>
				<Entry>
					<References Name="[dbo].[LEG_INSTANCE].[Arrival_airport_code]" />
				</Entry>
				<Entry>
					<References Name="[dbo].[LEG_INSTANCE].[Departure_airport_code]" />
				</Entry>
				<Entry>
					<References Name="[dbo].[AIRPORT].[City]" />
				</Entry>
				<Entry>
					<References Name="[dbo].[AIRPORT].[City]" />
				</Entry>
				<Entry>
					<References Name="[dbo].[AIRPORT].[Airport_code]" />
				</Entry>
				<Entry>
					<References Name="[dbo].[AIRPORT].[Airport_code]" />
				</Entry>
			</Relationship>
			<Relationship Name="Schema">
				<Entry>
					<References ExternalSource="BuiltIns" Name="[dbo]" />
				</Entry>
			</Relationship>
			<Annotation Type="SysCommentsObjectAnnotation">
				<Property Name="CreateOffset" Value="2" />
				<Property Name="Length" Value="348" />
				<Property Name="StartLine" Value="1" />
				<Property Name="StartColumn" Value="1" />
				<Property Name="HeaderContents" Value="&#xD;&#xA;CREATE VIEW Ucuslar as" />
			</Annotation>
		</Element>
		<Element Type="SqlView" Name="[dbo].[YOLCU_BILGILERI]">
			<Property Name="QueryScript">
				<Value QuotedIdentifiers="True" AnsiNulls="True"><![CDATA[
SELECT CUSTOMER.Customer_name,CUSTOMER.Passport_no,CUSTOMER.Country,SEAT_RESERVATION.Flight_number,SEAT_RESERVATION.Leg_number,SEAT_RESERVATION.Datee
FROM CUSTOMER,SEAT_RESERVATION
WHERE SEAT_RESERVATION.Passport_num=CUSTOMER.Passport_no]]></Value>
			</Property>
			<Property Name="IsAnsiNullsOn" Value="True" />
			<Relationship Name="Columns">
				<Entry>
					<Element Type="SqlComputedColumn" Name="[dbo].[YOLCU_BILGILERI].[Customer_name]">
						<Relationship Name="ExpressionDependencies">
							<Entry>
								<References Name="[dbo].[CUSTOMER].[Customer_name]" />
							</Entry>
						</Relationship>
					</Element>
				</Entry>
				<Entry>
					<Element Type="SqlComputedColumn" Name="[dbo].[YOLCU_BILGILERI].[Passport_no]">
						<Relationship Name="ExpressionDependencies">
							<Entry>
								<References Name="[dbo].[CUSTOMER].[Passport_no]" />
							</Entry>
						</Relationship>
					</Element>
				</Entry>
				<Entry>
					<Element Type="SqlComputedColumn" Name="[dbo].[YOLCU_BILGILERI].[Country]">
						<Relationship Name="ExpressionDependencies">
							<Entry>
								<References Name="[dbo].[CUSTOMER].[Country]" />
							</Entry>
						</Relationship>
					</Element>
				</Entry>
				<Entry>
					<Element Type="SqlComputedColumn" Name="[dbo].[YOLCU_BILGILERI].[Flight_number]">
						<Relationship Name="ExpressionDependencies">
							<Entry>
								<References Name="[dbo].[SEAT_RESERVATION].[Flight_number]" />
							</Entry>
						</Relationship>
					</Element>
				</Entry>
				<Entry>
					<Element Type="SqlComputedColumn" Name="[dbo].[YOLCU_BILGILERI].[Leg_number]">
						<Relationship Name="ExpressionDependencies">
							<Entry>
								<References Name="[dbo].[SEAT_RESERVATION].[Leg_number]" />
							</Entry>
						</Relationship>
					</Element>
				</Entry>
				<Entry>
					<Element Type="SqlComputedColumn" Name="[dbo].[YOLCU_BILGILERI].[Datee]">
						<Relationship Name="ExpressionDependencies">
							<Entry>
								<References Name="[dbo].[SEAT_RESERVATION].[Datee]" />
							</Entry>
						</Relationship>
					</Element>
				</Entry>
			</Relationship>
			<Relationship Name="QueryDependencies">
				<Entry>
					<References Name="[dbo].[CUSTOMER]" />
				</Entry>
				<Entry>
					<References Name="[dbo].[SEAT_RESERVATION]" />
				</Entry>
				<Entry>
					<References Name="[dbo].[CUSTOMER].[Customer_name]" />
				</Entry>
				<Entry>
					<References Name="[dbo].[CUSTOMER].[Passport_no]" />
				</Entry>
				<Entry>
					<References Name="[dbo].[CUSTOMER].[Country]" />
				</Entry>
				<Entry>
					<References Name="[dbo].[SEAT_RESERVATION].[Flight_number]" />
				</Entry>
				<Entry>
					<References Name="[dbo].[SEAT_RESERVATION].[Leg_number]" />
				</Entry>
				<Entry>
					<References Name="[dbo].[SEAT_RESERVATION].[Datee]" />
				</Entry>
				<Entry>
					<References Name="[dbo].[SEAT_RESERVATION].[Passport_num]" />
				</Entry>
			</Relationship>
			<Relationship Name="Schema">
				<Entry>
					<References ExternalSource="BuiltIns" Name="[dbo]" />
				</Entry>
			</Relationship>
			<Annotation Type="SysCommentsObjectAnnotation">
				<Property Name="Length" Value="271" />
				<Property Name="StartLine" Value="1" />
				<Property Name="StartColumn" Value="1" />
				<Property Name="HeaderContents" Value="CREATE VIEW YOLCU_BILGILERI AS" />
			</Annotation>
		</Element>
		<Element Type="SqlPermissionStatement" Name="[Grant.ViewAnyColumnEncryptionKeyDefinition.Database].[public].[dbo]">
			<Property Name="Permission" Value="1108" />
			<Relationship Name="Grantee">
				<Entry>
					<References ExternalSource="BuiltIns" Name="[public]" />
				</Entry>
			</Relationship>
			<Relationship Name="SecuredObject">
				<Entry>
					<References Disambiguator="1" />
				</Entry>
			</Relationship>
		</Element>
		<Element Type="SqlPermissionStatement" Name="[Grant.ViewAnyColumnMasterKeyDefinition.Database].[public].[dbo]">
			<Property Name="Permission" Value="1107" />
			<Relationship Name="Grantee">
				<Entry>
					<References ExternalSource="BuiltIns" Name="[public]" />
				</Entry>
			</Relationship>
			<Relationship Name="SecuredObject">
				<Entry>
					<References Disambiguator="1" />
				</Entry>
			</Relationship>
		</Element>
	</Model>
</DataSchemaModel>