﻿<?xml version="1.0" encoding="utf-8"?>
<DacOrigin xmlns="http://schemas.microsoft.com/sqlserver/dac/Serialization/2012/02">
  <PackageProperties>
    <Version>3.1.0.0</Version>
    <ContainsExportedData>true</ContainsExportedData>
    <StreamVersions>
      <Version StreamName="Data">2.0.0.0</Version>
      <Version StreamName="DeploymentContributors">1.0.0.0</Version>
    </StreamVersions>
  </PackageProperties>
  <Operation>
    <Identity>ab99b06c-6c34-4458-8da7-b587676854ca</Identity>
    <Start>2021-02-12T00:18:17.4204955+03:00</Start>
    <End>0001-01-01T00:00:00.0000000</End>
    <ProductName>Microsoft.SqlServer.Dac, Version=15.0.0.0, Culture=neutral, PublicKeyToken=b03f5f7f11d50a3a</ProductName>
    <ProductVersion>15.0.4975.1</ProductVersion>
    <ProductSchema>http://schemas.microsoft.com/sqlserver/dac/Serialization/2012/02</ProductSchema>
  </Operation>
  <Server>
    <ServerVersion>Microsoft SQL Server 2019 (RTM-GDR) (KB4583458) - 15.0.2080.9 (X64) 
	Nov  6 2020 16:50:01 
	Copyright (C) 2019 Microsoft Corporation
	Express Edition (64-bit) on Windows 10 Pro 10.0 &lt;X64&gt; (Build 19041: )
</ServerVersion>
    <ObjectCounts>
      <CheckConstraint>8</CheckConstraint>
      <ComputedColumn>19</ComputedColumn>
      <DatabaseOptions>1</DatabaseOptions>
      <DefaultConstraint>1</DefaultConstraint>
      <DmlTrigger>5</DmlTrigger>
      <ForeignKeyConstraint>18</ForeignKeyConstraint>
      <PermissionStatement>2</PermissionStatement>
      <PrimaryKeyConstraint>14</PrimaryKeyConstraint>
      <SimpleColumn>54</SimpleColumn>
      <Table>14</Table>
      <View>5</View>
    </ObjectCounts>
  </Server>
  <ExportStatistics>
    <SourceDatabaseSize>13120</SourceDatabaseSize>
    <TableRowCountTotalTag>231</TableRowCountTotalTag>
  </ExportStatistics>
  <Checksums>
    <Checksum Uri="/model.xml">DA7419B1AD3D58E0C6E8F5FB6A04821C5F4FB2A570D39439D929B6E77D7D59E9</Checksum>
  </Checksums>
  <ModelSchemaVersion>2.9</ModelSchemaVersion>
</DacOrigin>